Timestamp,LeftGazeValid,LeftGazePosX,LeftGazePosY,LeftGazePosZ,LeftGazeRotX,LeftGazeRotY,LeftGazeRotZ,LeftGazeRotW,RightGazeValid,RightGazePosX,RightGazePosY,RightGazePosZ,RightGazeRotX,RightGazeRotY,RightGazeRotZ,RightGazeRotW
0.000,True,-0.019159,0.899196,0.165632,0.043089,0.135819,-0.002103,-0.989794,True,0.045754,0.898159,0.168831,0.050435,0.070175,0.004636,-0.996248
0.015,True,-0.019175,0.899412,0.165533,0.044300,0.135230,-0.002189,-0.989821,True,0.045739,0.898375,0.168701,0.051708,0.069919,0.004600,-0.996201
0.026,True,-0.019165,0.899544,0.165210,0.044794,0.135059,-0.002339,-0.989822,True,0.045751,0.898520,0.168356,0.052798,0.069815,0.004489,-0.996152
0.037,True,-0.019142,0.899618,0.165191,0.045355,0.135321,-0.002493,-0.989760,True,0.045775,0.898599,0.168318,0.053425,0.069660,0.004418,-0.996130
0.049,True,-0.019147,0.899692,0.165186,0.045895,0.135011,-0.002781,-0.989777,True,0.045772,0.898703,0.168273,0.053988,0.069355,0.004164,-0.996121
0.060,True,-0.019127,0.899796,0.164916,0.046366,0.134681,-0.003084,-0.989799,True,0.045795,0.898839,0.167959,0.055409,0.069126,0.003900,-0.996060
0.071,True,-0.019092,0.899840,0.164909,0.046236,0.134743,-0.003488,-0.989795,True,0.045831,0.898922,0.167921,0.055906,0.068905,0.003569,-0.996049
0.083,True,-0.019068,0.899855,0.164935,0.046608,0.134522,-0.003806,-0.989807,True,0.045858,0.898973,0.167918,0.056303,0.068690,0.003274,-0.996043
0.093,True,-0.019022,0.899909,0.164698,0.046869,0.134358,-0.004086,-0.989815,True,0.045905,0.899060,0.167659,0.057055,0.068660,0.003007,-0.996003
0.104,True,-0.019004,0.899915,0.164717,0.047050,0.134263,-0.004194,-0.989819,True,0.045924,0.899076,0.167665,0.057248,0.068568,0.002910,-0.995998
0.115,True,-0.018999,0.899910,0.164744,0.046758,0.134212,-0.004311,-0.989840,True,0.045929,0.899084,0.167684,0.057414,0.068513,0.002814,-0.995993
0.127,True,-0.019000,0.899931,0.164517,0.046784,0.134185,-0.004339,-0.989842,True,0.045929,0.899108,0.167454,0.058329,0.068783,0.002776,-0.995921
0.137,True,-0.018986,0.899896,0.164544,0.046671,0.134188,-0.004278,-0.989847,True,0.045942,0.899066,0.167481,0.058212,0.068785,0.002829,-0.995928
0.148,True,-0.018984,0.899852,0.164607,0.046383,0.133879,-0.004156,-0.989903,True,0.045944,0.899011,0.167541,0.058144,0.068760,0.002920,-0.995933
0.160,True,-0.018962,0.899847,0.164449,0.046323,0.133846,-0.004111,-0.989910,True,0.045966,0.899000,0.167379,0.058086,0.068728,0.002961,-0.995939
0.171,True,-0.018939,0.899808,0.164458,0.046277,0.133812,-0.004140,-0.989917,True,0.045990,0.898965,0.167383,0.058408,0.069264,0.002877,-0.995883
0.182,True,-0.018923,0.899778,0.164542,0.045608,0.133671,-0.004170,-0.989967,True,0.046006,0.898939,0.167456,0.058303,0.069184,0.002845,-0.995895
0.193,True,-0.018915,0.899786,0.164345,0.045546,0.133641,-0.004337,-0.989973,True,0.046014,0.898969,0.167255,0.058516,0.069405,0.002653,-0.995867
0.204,True,-0.018910,0.899761,0.164451,0.045361,0.133685,-0.004362,-0.989976,True,0.046019,0.898949,0.167365,0.058337,0.069450,0.002616,-0.995875
0.215,True,-0.018906,0.899734,0.164549,0.045199,0.133730,-0.004349,-0.989977,True,0.046023,0.898923,0.167472,0.058197,0.069525,0.002619,-0.995878
0.226,True,-0.018945,0.899754,0.164407,0.045058,0.133842,-0.004352,-0.989968,True,0.045984,0.898946,0.167345,0.058063,0.069640,0.002608,-0.995878
0.237,True,-0.018968,0.899737,0.164523,0.044917,0.133972,-0.004427,-0.989957,True,0.045960,0.898941,0.167477,0.058300,0.070009,0.002509,-0.995838
0.248,True,-0.018997,0.899712,0.164650,0.044797,0.134194,-0.004662,-0.989931,True,0.045931,0.898948,0.167613,0.058134,0.070099,0.002277,-0.995842
0.260,True,-0.018995,0.899712,0.164465,0.044840,0.134334,-0.004772,-0.989910,True,0.045932,0.898962,0.167447,0.058640,0.070429,0.002162,-0.995789
0.271,True,-0.019016,0.899678,0.164560,0.044805,0.134553,-0.004916,-0.989881,True,0.045910,0.898949,0.167569,0.058622,0.070653,0.002019,-0.995775
0.282,True,-0.019048,0.899667,0.164703,0.044628,0.134767,-0.005049,-0.989859,True,0.045877,0.898956,0.167737,0.058550,0.070852,0.001888,-0.995765
0.293,True,-0.019069,0.899714,0.164545,0.044847,0.134942,-0.004964,-0.989826,True,0.045855,0.898991,0.167603,0.059295,0.071257,0.001978,-0.995692
0.304,True,-0.019071,0.899736,0.164657,0.044987,0.135148,-0.004815,-0.989792,True,0.045851,0.898993,0.167743,0.059433,0.071465,0.002138,-0.995669
0.315,True,-0.019076,0.899755,0.164802,0.045052,0.135191,-0.004666,-0.989784,True,0.045845,0.898991,0.167906,0.059655,0.071588,0.002298,-0.995646
0.326,True,-0.019069,0.899824,0.164646,0.045324,0.135249,-0.004529,-0.989764,True,0.045851,0.899040,0.167760,0.059957,0.071626,0.002456,-0.995625
0.337,True,-0.019057,0.899844,0.164777,0.045528,0.135365,-0.004529,-0.989739,True,0.045863,0.899058,0.167906,0.060168,0.071746,0.002472,-0.995603
0.348,True,-0.019029,0.899870,0.164900,0.046117,0.135342,-0.004426,-0.989715,True,0.045890,0.899073,0.168043,0.060303,0.071851,0.002561,-0.995588
0.367,True,-0.018949,0.899968,0.164716,0.046341,0.135355,-0.004186,-0.989704,True,0.045969,0.899137,0.167863,0.060926,0.071744,0.002836,-0.995557
0.378,True,-0.018910,0.899973,0.164939,0.046008,0.135123,-0.004068,-0.989752,True,0.046008,0.899130,0.168091,0.060944,0.071778,0.002936,-0.995553
0.389,True,-0.018869,0.900033,0.164775,0.046113,0.134982,-0.003974,-0.989767,True,0.046050,0.899176,0.167910,0.061049,0.071638,0.003035,-0.995556
0.400,True,-0.018814,0.900035,0.164867,0.046253,0.134951,-0.003860,-0.989765,True,0.046105,0.899161,0.167998,0.061348,0.071642,0.003156,-0.995537
0.411,True,-0.018785,0.900071,0.164984,0.046269,0.134781,-0.003660,-0.989788,True,0.046134,0.899171,0.168095,0.061356,0.071469,0.003355,-0.995548
0.422,True,-0.018702,0.900148,0.164795,0.045922,0.134655,-0.003502,-0.989822,True,0.046218,0.899226,0.167898,0.061409,0.071402,0.003518,-0.995549
0.433,True,-0.018685,0.900147,0.164903,0.045906,0.134499,-0.003570,-0.989843,True,0.046236,0.899232,0.167985,0.061654,0.071405,0.003436,-0.995534
0.444,True,-0.018639,0.900152,0.164999,0.045937,0.134280,-0.003476,-0.989872,True,0.046281,0.899229,0.168085,0.061641,0.071426,0.003502,-0.995533
0.456,True,-0.018607,0.900155,0.165096,0.045919,0.134185,-0.003367,-0.989886,True,0.046314,0.899217,0.168170,0.061623,0.071331,0.003608,-0.995541
0.467,True,-0.018571,0.900187,0.164896,0.045924,0.134027,-0.003419,-0.989907,True,0.046350,0.899256,0.167949,0.061874,0.071310,0.003545,-0.995527
0.478,True,-0.018557,0.900188,0.164992,0.045883,0.133773,-0.003396,-0.989943,True,0.046365,0.899255,0.168033,0.061828,0.071229,0.003546,-0.995536
0.489,True,-0.018505,0.900213,0.164813,0.045944,0.133721,-0.003456,-0.989947,True,0.046417,0.899287,0.167848,0.061897,0.071181,0.003489,-0.995535
0.500,True,-0.018513,0.900178,0.164909,0.045984,0.133650,-0.003617,-0.989955,True,0.046411,0.899272,0.167934,0.062146,0.071225,0.003322,-0.995517
0.511,True,-0.018516,0.900137,0.165005,0.045983,0.133615,-0.003851,-0.989959,True,0.046408,0.899262,0.168025,0.062165,0.071195,0.003088,-0.995519
0.522,True,-0.018514,0.900096,0.165089,0.046004,0.133439,-0.004084,-0.989980,True,0.046410,0.899254,0.168111,0.062238,0.071248,0.002831,-0.995511
0.533,True,-0.018496,0.900115,0.164733,0.045946,0.133510,-0.004387,-0.989972,True,0.046429,0.899313,0.167762,0.062205,0.071327,0.002526,-0.995508
0.548,True,-0.018513,0.900036,0.164928,0.045960,0.133779,-0.004427,-0.989935,True,0.046410,0.899241,0.167992,0.062225,0.071600,0.002491,-0.995488
0.558,True,-0.018511,0.900026,0.164668,0.046147,0.134007,-0.004395,-0.989896,True,0.046410,0.899229,0.167760,0.062131,0.071935,0.002506,-0.995469
0.567,True,-0.018538,0.900000,0.164758,0.046004,0.134226,-0.004327,-0.989873,True,0.046382,0.899197,0.167879,0.061989,0.072157,0.002569,-0.995462
0.578,True,-0.018560,0.899946,0.164825,0.045836,0.134443,-0.004196,-0.989852,True,0.046358,0.899129,0.167982,0.061944,0.072434,0.002698,-0.995444
0.589,True,-0.018533,0.899965,0.164596,0.045806,0.134615,-0.004017,-0.989831,True,0.046384,0.899126,0.167777,0.061892,0.072856,0.002851,-0.995416
0.600,True,-0.018526,0.899949,0.164647,0.045729,0.134798,-0.003859,-0.989810,True,0.046389,0.899091,0.167853,0.061811,0.073039,0.003006,-0.995407
0.611,True,-0.018527,0.899927,0.164703,0.045718,0.134964,-0.003687,-0.989788,True,0.046387,0.899049,0.167931,0.061794,0.073206,0.003180,-0.995396
0.622,True,-0.018513,0.899949,0.164486,0.045953,0.134740,-0.003557,-0.989809,True,0.046400,0.899059,0.167733,0.061819,0.073346,0.003270,-0.995383
0.633,True,-0.018511,0.899919,0.164550,0.046030,0.134885,-0.003528,-0.989785,True,0.046401,0.899026,0.167816,0.062073,0.073593,0.003300,-0.995349
0.645,True,-0.018508,0.899920,0.164623,0.046069,0.134984,-0.003547,-0.989770,True,0.046403,0.899029,0.167902,0.062119,0.073697,0.003285,-0.995339
0.656,True,-0.018474,0.899911,0.164689,0.046422,0.134989,-0.003478,-0.989753,True,0.046436,0.899013,0.167987,0.062283,0.073838,0.003347,-0.995318
0.667,True,-0.018450,0.899947,0.164581,0.046477,0.134979,-0.003360,-0.989752,True,0.046460,0.899034,0.167879,0.062458,0.073763,0.003478,-0.995312
0.678,True,-0.018418,0.899995,0.164599,0.046634,0.134994,-0.003092,-0.989744,True,0.046491,0.899045,0.167901,0.062604,0.073777,0.003756,-0.995301
0.689,True,-0.018351,0.900039,0.164419,0.046884,0.135071,-0.002903,-0.989722,True,0.046558,0.899061,0.167723,0.062767,0.073783,0.003960,-0.995289
0.700,True,-0.018325,0.900083,0.164495,0.046943,0.134980,-0.002633,-0.989732,True,0.046584,0.899070,0.167789,0.062917,0.073624,0.004240,-0.995290
0.711,True,-0.018282,0.900117,0.164576,0.047354,0.134891,-0.002351,-0.989726,True,0.046627,0.899065,0.167857,0.063096,0.073510,0.004528,-0.995286
0.722,True,-0.018230,0.900201,0.164394,0.047542,0.134730,-0.002195,-0.989739,True,0.046679,0.899126,0.167657,0.063282,0.073351,0.004693,-0.995285
0.733,True,-0.018194,0.900241,0.164461,0.047725,0.134656,-0.002058,-0.989740,True,0.046716,0.899146,0.167716,0.063535,0.073245,0.004845,-0.995276
0.744,True,-0.018163,0.900268,0.164530,0.048214,0.134797,-0.001898,-0.989698,True,0.046746,0.899149,0.167784,0.063725,0.073232,0.005026,-0.995264
0.756,True,-0.018105,0.900310,0.164337,0.048319,0.134777,-0.001794,-0.989696,True,0.046804,0.899175,0.167590,0.063830,0.073214,0.005135,-0.995258
0.767,True,-0.018067,0.900309,0.164378,0.048415,0.134831,-0.001665,-0.989684,True,0.046841,0.899158,0.167638,0.063843,0.073235,0.005272,-0.995255
0.778,True,-0.018054,0.900319,0.164442,0.048629,0.134718,-0.001536,-0.989689,True,0.046854,0.899151,0.167697,0.063920,0.073188,0.005395,-0.995253
0.789,True,-0.017992,0.900346,0.164216,0.048703,0.134844,-0.001379,-0.989668,True,0.046915,0.899158,0.167488,0.063992,0.073316,0.005558,-0.995238
0.800,True,-0.017978,0.900332,0.164254,0.048794,0.134930,-0.001394,-0.989652,True,0.046929,0.899145,0.167539,0.064032,0.073294,0.005560,-0.995237
0.811,True,-0.017946,0.900350,0.164293,0.049119,0.134956,-0.001234,-0.989633,True,0.046959,0.899144,0.167597,0.064112,0.073438,0.005708,-0.995221
0.822,True,-0.017889,0.900398,0.164091,0.049269,0.135045,-0.001040,-0.989613,True,0.047015,0.899166,0.167409,0.064254,0.073528,0.005913,-0.995204
0.834,True,-0.017860,0.900407,0.164123,0.049453,0.135070,-0.000930,-0.989601,True,0.047043,0.899160,0.167445,0.064151,0.073709,0.006011,-0.995196
0.845,True,-0.017850,0.900435,0.164197,0.049627,0.135003,-0.000926,-0.989601,True,0.047053,0.899186,0.167521,0.064356,0.073721,0.006019,-0.995182
0.856,True,-0.017802,0.900529,0.163879,0.049782,0.135088,-0.000888,-0.989582,True,0.047100,0.899274,0.167215,0.064508,0.073806,0.006068,-0.995166
0.867,True,-0.017794,0.900520,0.164040,0.049803,0.135162,-0.000893,-0.989571,True,0.047108,0.899266,0.167385,0.060839,0.073329,0.006037,-0.995432
0.878,False,0.000000,0.000000,0.000000,0.000000,0.000000,0.000000,1.000000,True,0.047122,0.899303,0.167429,0.059719,0.073209,0.006072,-0.995509
0.889,False,0.000000,0.000000,0.000000,0.000000,0.000000,0.000000,1.000000,True,0.047191,0.899337,0.167116,0.059419,0.073266,0.006121,-0.995522
0.900,False,0.000000,0.000000,0.000000,0.000000,0.000000,0.000000,1.000000,False,0.000000,0.000000,0.000000,0.000000,0.000000,0.000000,1.000000
0.911,False,0.000000,0.000000,0.000000,0.000000,0.000000,0.000000,1.000000,False,0.000000,0.000000,0.000000,0.000000,0.000000,0.000000,1.000000
0.922,False,0.000000,0.000000,0.000000,0.000000,0.000000,0.000000,1.000000,False,0.000000,0.000000,0.000000,0.000000,0.000000,0.000000,1.000000
0.933,False,0.000000,0.000000,0.000000,0.000000,0.000000,0.000000,1.000000,False,0.000000,0.000000,0.000000,0.000000,0.000000,0.000000,1.000000
0.945,False,0.000000,0.000000,0.000000,0.000000,0.000000,0.000000,1.000000,False,0.000000,0.000000,0.000000,0.000000,0.000000,0.000000,1.000000
0.956,False,0.000000,0.000000,0.000000,0.000000,0.000000,0.000000,1.000000,False,0.000000,0.000000,0.000000,0.000000,0.000000,0.000000,1.000000
0.967,False,0.000000,0.000000,0.000000,0.000000,0.000000,0.000000,1.000000,False,0.000000,0.000000,0.000000,0.000000,0.000000,0.000000,1.000000
0.978,False,0.000000,0.000000,0.000000,0.000000,0.000000,0.000000,1.000000,False,0.000000,0.000000,0.000000,0.000000,0.000000,0.000000,1.000000
0.989,False,0.000000,0.000000,0.000000,0.000000,0.000000,0.000000,1.000000,False,0.000000,0.000000,0.000000,0.000000,0.000000,0.000000,1.000000
1.000,False,0.000000,0.000000,0.000000,0.000000,0.000000,0.000000,1.000000,False,0.000000,0.000000,0.000000,0.000000,0.000000,0.000000,1.000000
1.011,False,0.000000,0.000000,0.000000,0.000000,0.000000,0.000000,1.000000,False,0.000000,0.000000,0.000000,0.000000,0.000000,0.000000,1.000000
1.022,False,0.000000,0.000000,0.000000,0.000000,0.000000,0.000000,1.000000,False,0.000000,0.000000,0.000000,0.000000,0.000000,0.000000,1.000000
1.033,False,0.000000,0.000000,0.000000,0.000000,0.000000,0.000000,1.000000,False,0.000000,0.000000,0.000000,0.000000,0.000000,0.000000,1.000000
1.045,False,0.000000,0.000000,0.000000,0.000000,0.000000,0.000000,1.000000,False,0.000000,0.000000,0.000000,0.000000,0.000000,0.000000,1.000000
1.056,True,-0.017312,0.901282,0.163121,0.064709,0.152470,-0.002100,-0.986185,False,0.000000,0.000000,0.000000,0.000000,0.000000,0.000000,1.000000
1.067,True,-0.017297,0.901311,0.163152,0.066132,0.154311,-0.002280,-0.985804,True,0.047591,0.899995,0.166732,0.094915,0.131945,0.000960,-0.986702
1.078,True,-0.017275,0.901316,0.163181,0.068065,0.156846,-0.002547,-0.985272,True,0.047613,0.900002,0.166770,0.098104,0.138229,0.000309,-0.985529
1.089,True,-0.017254,0.901354,0.162975,0.084026,0.177357,-0.004430,-0.980543,True,0.047633,0.900034,0.166570,0.100359,0.142390,-0.000071,-0.984710
1.100,True,-0.017230,0.901369,0.162984,0.084168,0.177498,-0.004454,-0.980505,True,0.047656,0.900051,0.166595,0.121350,0.178288,-0.003603,-0.976460
1.111,True,-0.017232,0.901357,0.163012,0.084483,0.177494,-0.004424,-0.980479,True,0.047654,0.900030,0.166623,0.121662,0.178280,-0.003574,-0.976423
1.122,True,-0.017216,0.901390,0.162806,0.095563,0.191319,-0.005741,-0.976848,True,0.047669,0.900063,0.166430,0.121923,0.178382,-0.003601,-0.976372
1.133,True,-0.017225,0.901389,0.162832,0.095839,0.191413,-0.005768,-0.976802,True,0.047660,0.900063,0.166467,0.122187,0.178463,-0.003621,-0.976324
1.145,True,-0.017237,0.901396,0.162857,0.095997,0.191519,-0.005910,-0.976765,True,0.047647,0.900086,0.166501,0.128674,0.190712,-0.004987,-0.973164
1.156,True,-0.017250,0.901441,0.162641,0.103907,0.201241,-0.007028,-0.973990,True,0.047635,0.900155,0.166291,0.128874,0.190808,-0.005197,-0.973117
1.167,True,-0.017274,0.901454,0.162668,0.104011,0.201361,-0.007267,-0.973952,True,0.047610,0.900198,0.166328,0.133148,0.197635,-0.006095,-0.971172
1.178,True,-0.017296,0.901469,0.162691,0.104291,0.201546,-0.007425,-0.973883,True,0.047588,0.900230,0.166372,0.133420,0.197819,-0.006247,-0.971096
1.189,True,-0.017355,0.901527,0.162486,0.109121,0.208683,-0.008370,-0.971841,True,0.047528,0.900320,0.166184,0.133610,0.198002,-0.006505,-0.971031
1.200,True,-0.017401,0.901555,0.162502,0.109337,0.208958,-0.008514,-0.971756,True,0.047481,0.900366,0.166233,0.136360,0.202073,-0.007013,-0.969806
1.211,True,-0.017456,0.901561,0.162542,0.109561,0.209157,-0.008701,-0.971686,True,0.047425,0.900394,0.166295,0.136577,0.202270,-0.007193,-0.969733
1.222,True,-0.017496,0.901615,0.162324,0.113557,0.214267,-0.009397,-0.970106,True,0.047384,0.900479,0.166105,0.136696,0.202521,-0.007421,-0.969662
1.233,True,-0.017553,0.901637,0.162351,0.113704,0.214499,-0.009541,-0.970036,True,0.047326,0.900520,0.166154,0.137325,0.204824,-0.007786,-0.969086
1.245,True,-0.017600,0.901657,0.162383,0.113912,0.214771,-0.009614,-0.969951,True,0.047277,0.900548,0.166219,0.137522,0.205089,-0.007851,-0.969002
1.256,True,-0.017655,0.901712,0.162183,0.117462,0.219274,-0.010183,-0.968513,True,0.047222,0.900621,0.166036,0.137727,0.205248,-0.007999,-0.968938
1.267,True,-0.017703,0.901749,0.162228,0.117718,0.219435,-0.010207,-0.968445,True,0.047173,0.900659,0.166099,0.137968,0.205395,-0.008016,-0.968872
1.278,True,-0.017743,0.901823,0.162099,0.117907,0.219552,-0.010367,-0.968394,True,0.047132,0.900749,0.165977,0.138912,0.206199,-0.008232,-0.968565
1.289,True,-0.017792,0.901875,0.162090,0.121280,0.222821,-0.010733,-0.967226,True,0.047083,0.900809,0.165973,0.139072,0.206252,-0.008308,-0.968530
1.300,True,-0.017841,0.901915,0.162147,0.121513,0.222941,-0.010822,-0.967169,True,0.047034,0.900856,0.166037,0.139407,0.206734,-0.008432,-0.968378
1.311,True,-0.017907,0.901942,0.162216,0.121698,0.222976,-0.010989,-0.967135,True,0.046968,0.900901,0.166105,0.139581,0.206759,-0.008595,-0.968346
1.322,True,-0.017944,0.901976,0.162036,0.124329,0.225340,-0.011418,-0.966247,True,0.046931,0.900963,0.165932,0.139708,0.206866,-0.008824,-0.968303
1.333,True,-0.017992,0.901991,0.162091,0.124396,0.225416,-0.011520,-0.966220,True,0.046884,0.900991,0.165991,0.139474,0.207282,-0.008972,-0.968246
1.345,True,-0.018044,0.901975,0.162149,0.126262,0.227823,-0.011883,-0.965409,True,0.046832,0.900991,0.166048,0.139515,0.207317,-0.009106,-0.968232
1.356,True,-0.018050,0.901998,0.161988,0.126324,0.227909,-0.011873,-0.965380,True,0.046825,0.901012,0.165895,0.139562,0.207390,-0.009094,-0.968209
1.367,True,-0.018109,0.901964,0.162041,0.126349,0.227864,-0.011846,-0.965388,True,0.046766,0.900973,0.165942,0.139586,0.207343,-0.009066,-0.968216
1.378,True,-0.018135,0.901954,0.162084,0.126377,0.228052,-0.011814,-0.965340,True,0.046739,0.900961,0.166002,0.139501,0.207560,-0.009040,-0.968182
1.389,True,-0.018149,0.901969,0.161932,0.126469,0.227925,-0.011789,-0.965359,True,0.046727,0.900969,0.165830,0.139579,0.207420,-0.009014,-0.968201
1.400,True,-0.018183,0.901937,0.162002,0.128437,0.229748,-0.011939,-0.964664,True,0.046693,0.900933,0.165885,0.139908,0.207771,-0.009039,-0.968078
1.411,True,-0.018223,0.901889,0.162068,0.128426,0.229678,-0.012010,-0.964682,True,0.046654,0.900893,0.165936,0.139882,0.207684,-0.009111,-0.968100
1.422,True,-0.018220,0.901901,0.161824,0.129642,0.231547,-0.012223,-0.964069,True,0.046657,0.900909,0.165690,0.139866,0.207682,-0.009137,-0.968103
1.433,True,-0.018282,0.901841,0.161982,0.129635,0.231540,-0.012270,-0.964071,True,0.046597,0.900853,0.165836,0.139825,0.207640,-0.009183,-0.968117
1.444,True,-0.018338,0.901818,0.162051,0.129605,0.231584,-0.012231,-0.964065,True,0.046541,0.900826,0.165903,0.138795,0.206936,-0.009086,-0.968417
1.456,True,-0.018384,0.901827,0.161921,0.125620,0.225879,-0.011754,-0.965951,True,0.046495,0.900848,0.165771,0.138731,0.206956,-0.009176,-0.968421
1.467,True,-0.018455,0.901803,0.161994,0.125293,0.225372,-0.011765,-0.966111,True,0.046423,0.900831,0.165846,0.138773,0.206991,-0.009240,-0.968407
1.478,True,-0.018520,0.901810,0.162075,0.124824,0.224911,-0.011800,-0.966279,True,0.046359,0.900852,0.165933,0.128168,0.196555,-0.008386,-0.972044
1.489,True,-0.018560,0.901861,0.161943,0.106632,0.208647,-0.010374,-0.972105,True,0.046318,0.900901,0.165804,0.126586,0.194933,-0.008218,-0.972579
1.500,True,-0.018628,0.901873,0.162023,0.105327,0.207414,-0.010299,-0.972512,True,0.046250,0.900920,0.165896,0.125645,0.194066,-0.008173,-0.972875
1.515,True,-0.018735,0.901894,0.162141,0.102453,0.204520,-0.010166,-0.973433,True,0.046142,0.900957,0.166028,0.116534,0.182237,-0.007163,-0.976298
1.526,True,-0.018772,0.901941,0.161987,0.091299,0.197395,-0.009686,-0.976015,True,0.046104,0.901010,0.165885,0.116611,0.182316,-0.007209,-0.976274
1.537,True,-0.018851,0.901933,0.162085,0.091321,0.197423,-0.009886,-0.976006,True,0.046025,0.901028,0.165984,0.109306,0.174018,-0.006638,-0.978635
1.548,True,-0.018898,0.901913,0.162170,0.091337,0.197510,-0.010024,-0.975985,True,0.045979,0.901026,0.166080,0.109324,0.174103,-0.006774,-0.978617
1.559,True,-0.018904,0.901927,0.162030,0.086782,0.194145,-0.009848,-0.977077,True,0.045973,0.901053,0.165940,0.109287,0.174108,-0.006864,-0.978620
1.570,True,-0.018933,0.901918,0.162114,0.086732,0.194196,-0.009774,-0.977072,True,0.045942,0.901036,0.166032,0.109233,0.174152,-0.006789,-0.978618
1.581,True,-0.018916,0.901910,0.161998,0.086768,0.194083,-0.009686,-0.977092,True,0.045960,0.901014,0.165903,0.103262,0.168316,-0.006203,-0.980290
1.592,True,-0.018923,0.901880,0.162100,0.082762,0.191960,-0.009541,-0.977860,True,0.045954,0.900981,0.165984,0.103180,0.168147,-0.006181,-0.980328
1.603,True,-0.018913,0.901839,0.162201,0.082761,0.191752,-0.009432,-0.977902,True,0.045966,0.900923,0.166060,0.099321,0.162428,-0.005539,-0.981693
1.615,True,-0.018885,0.901785,0.162309,0.082678,0.191504,-0.009407,-0.977958,True,0.045996,0.900864,0.166136,0.099233,0.162170,-0.005521,-0.981745
1.626,True,-0.018823,0.901759,0.162220,0.078911,0.189603,-0.009312,-0.978640,True,0.046060,0.900836,0.166008,0.099141,0.161871,-0.005519,-0.981804
1.637,True,-0.018798,0.901713,0.162330,0.078814,0.189326,-0.009361,-0.978701,True,0.046087,0.900795,0.166083,0.094176,0.157011,-0.005173,-0.983083
1.648,True,-0.018773,0.901690,0.162447,0.078813,0.189058,-0.009396,-0.978753,True,0.046114,0.900773,0.166165,0.094175,0.156734,-0.005211,-0.983127
1.659,True,-0.018720,0.901671,0.162303,0.078194,0.187495,-0.009399,-0.979103,True,0.046168,0.900772,0.165999,0.094193,0.156574,-0.005363,-0.983150
1.670,True,-0.018678,0.901639,0.162408,0.078090,0.187368,-0.009458,-0.979135,True,0.046211,0.900748,0.166088,0.090431,0.153147,-0.005139,-0.984044
1.681,True,-0.018669,0.901604,0.162528,0.078078,0.187070,-0.009472,-0.979193,True,0.046223,0.900712,0.166170,0.090417,0.152840,-0.005156,-0.984093
1.692,True,-0.018597,0.901615,0.162419,0.074223,0.184555,-0.009380,-0.979971,True,0.046297,0.900731,0.166035,0.090357,0.152639,-0.005239,-0.984129
1.704,True,-0.018559,0.901580,0.162511,0.073778,0.183989,-0.009451,-0.980110,True,0.046336,0.900705,0.166088,0.099577,0.129189,-0.002405,-0.986605
1.715,True,-0.018522,0.901592,0.162615,0.073514,0.183666,-0.009517,-0.980190,True,0.046375,0.900726,0.166168,0.100213,0.127318,-0.002275,-0.986784
1.726,False,0.000000,0.000000,0.000000,0.000000,0.000000,0.000000,1.000000,True,0.046464,0.900795,0.165946,0.100938,0.125329,-0.002104,-0.986965
1.737,False,0.000000,0.000000,0.000000,0.000000,0.000000,0.000000,1.000000,False,0.000000,0.000000,0.000000,0.000000,0.000000,0.000000,1.000000
1.748,False,0.000000,0.000000,0.000000,0.000000,0.000000,0.000000,1.000000,False,0.000000,0.000000,0.000000,0.000000,0.000000,0.000000,1.000000
1.759,False,0.000000,0.000000,0.000000,0.000000,0.000000,0.000000,1.000000,False,0.000000,0.000000,0.000000,0.000000,0.000000,0.000000,1.000000
1.770,False,0.000000,0.000000,0.000000,0.000000,0.000000,0.000000,1.000000,False,0.000000,0.000000,0.000000,0.000000,0.000000,0.000000,1.000000
1.783,False,0.000000,0.000000,0.000000,0.000000,0.000000,0.000000,1.000000,False,0.000000,0.000000,0.000000,0.000000,0.000000,0.000000,1.000000
1.792,False,0.000000,0.000000,0.000000,0.000000,0.000000,0.000000,1.000000,False,0.000000,0.000000,0.000000,0.000000,0.000000,0.000000,1.000000
1.803,False,0.000000,0.000000,0.000000,0.000000,0.000000,0.000000,1.000000,False,0.000000,0.000000,0.000000,0.000000,0.000000,0.000000,1.000000
1.815,False,0.000000,0.000000,0.000000,0.000000,0.000000,0.000000,1.000000,False,0.000000,0.000000,0.000000,0.000000,0.000000,0.000000,1.000000
1.826,False,0.000000,0.000000,0.000000,0.000000,0.000000,0.000000,1.000000,False,0.000000,0.000000,0.000000,0.000000,0.000000,0.000000,1.000000
1.837,False,0.000000,0.000000,0.000000,0.000000,0.000000,0.000000,1.000000,False,0.000000,0.000000,0.000000,0.000000,0.000000,0.000000,1.000000
1.848,False,0.000000,0.000000,0.000000,0.000000,0.000000,0.000000,1.000000,False,0.000000,0.000000,0.000000,0.000000,0.000000,0.000000,1.000000
1.859,False,0.000000,0.000000,0.000000,0.000000,0.000000,0.000000,1.000000,False,0.000000,0.000000,0.000000,0.000000,0.000000,0.000000,1.000000
1.871,False,0.000000,0.000000,0.000000,0.000000,0.000000,0.000000,1.000000,False,0.000000,0.000000,0.000000,0.000000,0.000000,0.000000,1.000000
1.881,False,0.000000,0.000000,0.000000,0.000000,0.000000,0.000000,1.000000,True,0.047350,0.901170,0.165842,0.102461,0.031054,0.006674,-0.994230
1.892,True,-0.017565,0.901844,0.162929,0.074980,0.100298,-0.001949,-0.992126,True,0.047363,0.901138,0.165895,0.103027,0.024544,0.007471,-0.994348
1.903,True,-0.017547,0.901813,0.162997,0.074816,0.094041,-0.001283,-0.992752,True,0.047382,0.901114,0.165952,0.103682,0.016635,0.008344,-0.994436
1.915,True,-0.017514,0.901836,0.162871,0.074624,0.084884,-0.000136,-0.993592,True,0.047415,0.901123,0.165817,0.100510,-0.027756,0.013516,-0.994457
1.926,True,-0.017527,0.901813,0.162922,0.077263,0.028111,0.006432,-0.996594,True,0.047403,0.901110,0.165852,0.100567,-0.027881,0.013428,-0.994449
1.937,True,-0.017533,0.901787,0.162984,0.077419,0.028015,0.006408,-0.996584,True,0.047397,0.901087,0.165903,0.100722,-0.027975,0.013410,-0.994431
1.948,True,-0.017526,0.901764,0.163013,0.077554,0.027973,0.006184,-0.996577,True,0.047405,0.901093,0.165929,0.099078,-0.052123,0.015956,-0.993586
1.959,True,-0.017520,0.901792,0.162885,0.079783,-0.002006,0.009466,-0.996765,True,0.047412,0.901152,0.165784,0.099214,-0.052248,0.015719,-0.993569
1.970,True,-0.017543,0.901775,0.162937,0.079849,-0.002003,0.009222,-0.996762,True,0.047389,0.901168,0.165836,0.099289,-0.052239,0.015480,-0.993566
1.981,True,-0.017559,0.901770,0.162796,0.080015,-0.002026,0.008986,-0.996751,True,0.047374,0.901195,0.165694,0.097701,-0.066429,0.016864,-0.992853
1.993,True,-0.017607,0.901761,0.162840,0.080799,-0.020251,0.010930,-0.996465,True,0.047326,0.901215,0.165748,0.097787,-0.066346,0.016663,-0.992854
2.003,True,-0.017649,0.901770,0.162888,0.080845,-0.020180,0.010787,-0.996464,True,0.047283,0.901244,0.165811,0.095978,-0.076203,0.017640,-0.992306
2.015,True,-0.017666,0.901807,0.162715,0.081075,-0.020265,0.010680,-0.996445,True,0.047267,0.901297,0.165628,0.096210,-0.076290,0.017545,-0.992278
2.026,True,-0.017701,0.901836,0.162773,0.081475,-0.033594,0.012032,-0.996036,True,0.047232,0.901354,0.165686,0.096219,-0.076295,0.017332,-0.992281
2.037,True,-0.017746,0.901837,0.162840,0.081632,-0.033638,0.011772,-0.996025,True,0.047187,0.901391,0.165749,0.096382,-0.076332,0.017079,-0.992266
2.048,True,-0.017752,0.901882,0.162711,0.081799,-0.033713,0.011597,-0.996011,True,0.047181,0.901461,0.165616,0.096012,-0.084203,0.017810,-0.991652
2.059,True,-0.017777,0.901885,0.162775,0.081954,-0.043131,0.012585,-0.995623,True,0.047157,0.901481,0.165677,0.096152,-0.084232,0.017705,-0.991638
2.070,True,-0.017821,0.901896,0.162861,0.082102,-0.043261,0.012495,-0.995606,True,0.047114,0.901504,0.165750,0.096300,-0.084347,0.017617,-0.991616
2.081,True,-0.017853,0.901914,0.162946,0.082255,-0.043407,0.012507,-0.995587,True,0.047083,0.901521,0.165823,0.095473,-0.090064,0.018267,-0.991181
2.093,True,-0.017831,0.901961,0.162801,0.081922,-0.051073,0.013261,-0.995241,True,0.047105,0.901586,0.165669,0.095553,-0.090145,0.018141,-0.991168
2.103,True,-0.017868,0.901946,0.162902,0.081985,-0.051292,0.013195,-0.995225,True,0.047069,0.901579,0.165745,0.095615,-0.090353,0.018073,-0.991145
2.115,True,-0.017893,0.901938,0.162992,0.081976,-0.051430,0.013035,-0.995221,True,0.047045,0.901591,0.165822,0.094533,-0.094762,0.018391,-0.990831
2.126,True,-0.017924,0.901934,0.162885,0.081944,-0.057246,0.013400,-0.994901,True,0.047015,0.901626,0.165698,0.094627,-0.094899,0.018093,-0.990814
2.137,True,-0.017957,0.901912,0.162975,0.081918,-0.057154,0.013139,-0.994912,True,0.046981,0.901639,0.165801,0.094607,-0.094794,0.017831,-0.990831
2.148,True,-0.018011,0.901881,0.163071,0.081998,-0.057153,0.012959,-0.994908,True,0.046927,0.901634,0.165903,0.093789,-0.098270,0.018046,-0.990566
2.159,True,-0.018027,0.901912,0.162879,0.082112,-0.061444,0.013477,-0.994636,True,0.046910,0.901668,0.165730,0.093840,-0.098136,0.018045,-0.990575
2.170,True,-0.018109,0.901876,0.163055,0.082023,-0.061409,0.013481,-0.994645,True,0.046827,0.901633,0.165919,0.093744,-0.098087,0.018045,-0.990588
2.181,True,-0.018143,0.901889,0.162935,0.081957,-0.061365,0.013497,-0.994653,True,0.046793,0.901643,0.165805,0.093678,-0.098043,0.018059,-0.990599
2.192,True,-0.018202,0.901870,0.163034,0.081804,-0.065322,0.014111,-0.994405,True,0.046734,0.901604,0.165906,0.094162,-0.100487,0.018507,-0.990300
2.204,True,-0.018246,0.901867,0.163153,0.081749,-0.065459,0.014143,-0.994400,True,0.046691,0.901597,0.166015,0.094099,-0.100623,0.018535,-0.990291
2.215,True,-0.018263,0.901891,0.163046,0.081774,-0.065598,0.014195,-0.994389,True,0.046674,0.901614,0.165895,0.093853,-0.103068,0.018851,-0.990057
2.226,True,-0.018293,0.901870,0.163167,0.081784,-0.065785,0.014165,-0.994376,True,0.046645,0.901595,0.165995,0.093860,-0.103251,0.018820,-0.990038
2.237,True,-0.018320,0.901866,0.163282,0.081516,-0.069370,0.014563,-0.994148,True,0.046619,0.901590,0.166101,0.093789,-0.103383,0.018812,-0.990031
2.248,True,-0.018333,0.901892,0.163159,0.081585,-0.069444,0.014559,-0.994138,True,0.046606,0.901618,0.165972,0.093492,-0.105840,0.019082,-0.989794
2.259,True,-0.018377,0.901882,0.163276,0.081550,-0.072942,0.014962,-0.993884,True,0.046562,0.901606,0.166076,0.093412,-0.105992,0.019087,-0.989786
2.270,True,-0.018421,0.901857,0.163388,0.081515,-0.072996,0.014958,-0.993883,True,0.046518,0.901581,0.166185,0.093373,-0.106046,0.019082,-0.989784
2.281,True,-0.018471,0.901836,0.163504,0.081442,-0.073049,0.014927,-0.993886,True,0.046469,0.901563,0.166299,0.093623,-0.107708,0.019243,-0.989577
2.293,True,-0.018443,0.901954,0.162859,0.081240,-0.072987,0.014662,-0.993910,True,0.046497,0.901713,0.165660,0.093431,-0.107644,0.018973,-0.989608
2.304,True,-0.018414,0.902073,0.162212,0.081040,-0.072931,0.014398,-0.993935,True,0.046526,0.901863,0.165017,0.093240,-0.107586,0.018702,-0.989637
2.315,True,-0.018518,0.901852,0.163355,0.081103,-0.075743,0.015140,-0.993708,True,0.046421,0.901590,0.166160,0.093538,-0.109226,0.019315,-0.989418
2.326,True,-0.018547,0.901843,0.163385,0.081310,-0.077751,0.015396,-0.993532,True,0.046392,0.901578,0.166192,0.093415,-0.109280,0.019332,-0.989423
2.337,True,-0.018580,0.901825,0.163498,0.081202,-0.077788,0.015457,-0.993537,True,0.046358,0.901551,0.166308,0.093300,-0.109304,0.019387,-0.989430
2.348,True,-0.018616,0.901803,0.163652,0.081091,-0.077771,0.015570,-0.993546,True,0.046323,0.901514,0.166470,0.092932,-0.110511,0.019635,-0.989326
2.359,True,-0.018606,0.901835,0.163557,0.081060,-0.079589,0.015734,-0.993402,True,0.046333,0.901549,0.166360,0.092907,-0.110691,0.019606,-0.989309
2.370,True,-0.018619,0.901798,0.163671,0.081033,-0.079719,0.015671,-0.993395,True,0.046320,0.901519,0.166463,0.092877,-0.110810,0.019539,-0.989299
2.381,True,-0.018599,0.901824,0.163547,0.081042,-0.079878,0.015582,-0.993383,True,0.046341,0.901557,0.166327,0.093154,-0.112126,0.019590,-0.989124
2.393,True,-0.018594,0.901797,0.163655,0.080656,-0.081415,0.015596,-0.993289,True,0.046346,0.901547,0.166424,0.093074,-0.112233,0.019441,-0.989123
2.404,True,-0.018603,0.901764,0.163757,0.080632,-0.081544,0.015489,-0.993282,True,0.046338,0.901527,0.166514,0.093049,-0.112344,0.019330,-0.989114
2.415,True,-0.018594,0.901788,0.163627,0.080700,-0.081691,0.015506,-0.993264,True,0.046348,0.901551,0.166375,0.093627,-0.115758,0.019739,-0.988658
2.426,True,-0.018581,0.901770,0.163710,0.082455,-0.086460,0.016061,-0.992708,True,0.046360,0.901537,0.166464,0.093587,-0.115978,0.019724,-0.988636
2.437,True,-0.018584,0.901749,0.163805,0.082511,-0.087053,0.016167,-0.992649,True,0.046358,0.901509,0.166553,0.093477,-0.116302,0.019791,-0.988607
2.448,True,-0.018576,0.901743,0.163884,0.082729,-0.087852,0.016317,-0.992558,True,0.046365,0.901496,0.166642,0.096760,-0.128061,0.021272,-0.986806
2.459,True,-0.018561,0.901766,0.163731,0.083914,-0.095178,0.017249,-0.991767,True,0.046380,0.901513,0.166491,0.097040,-0.128923,0.021436,-0.986662
2.470,True,-0.018580,0.901747,0.163793,0.083835,-0.095106,0.017239,-0.991781,True,0.046360,0.901495,0.166563,0.097191,-0.129727,0.021531,-0.986540
2.481,True,-0.018595,0.901717,0.163876,0.083803,-0.095048,0.017251,-0.991789,True,0.046345,0.901463,0.166654,0.098760,-0.137786,0.022517,-0.985269
2.492,True,-0.018527,0.901747,0.163681,0.083758,-0.094936,0.017292,-0.991803,True,0.046413,0.901489,0.166476,0.098714,-0.137674,0.022557,-0.985288
2.503,True,-0.018530,0.901749,0.163755,0.084858,-0.100425,0.018115,-0.991154,True,0.046409,0.901469,0.166552,0.098674,-0.137672,0.022718,-0.985289
2.515,True,-0.018481,0.901778,0.163595,0.084928,-0.100471,0.018221,-0.991141,True,0.046459,0.901486,0.166388,0.100274,-0.141518,0.023298,-0.984569
2.526,True,-0.018456,0.901767,0.163654,0.086574,-0.103708,0.018679,-0.990657,True,0.046483,0.901470,0.166443,0.100372,-0.141553,0.023355,-0.984552
2.537,True,-0.018427,0.901767,0.163716,0.086667,-0.103829,0.018714,-0.990635,True,0.046513,0.901465,0.166491,0.100463,-0.141670,0.023392,-0.984525
2.548,True,-0.018346,0.901808,0.163544,0.086734,-0.103963,0.018734,-0.990615,True,0.046594,0.901504,0.166303,0.100721,-0.143532,0.023617,-0.984224
2.559,True,-0.018311,0.901807,0.163597,0.086736,-0.104131,0.018820,-0.990596,True,0.046630,0.901490,0.166335,0.100719,-0.143698,0.023700,-0.984198
2.570,True,-0.018285,0.901808,0.163653,0.087567,-0.107532,0.019293,-0.990150,True,0.046657,0.901479,0.166374,0.100695,-0.143846,0.023775,-0.984177
2.581,True,-0.018203,0.901849,0.163467,0.087640,-0.107569,0.019334,-0.990139,True,0.046739,0.901516,0.166184,0.100790,-0.145342,0.023988,-0.983942
2.593,True,-0.018187,0.901849,0.163520,0.087686,-0.107677,0.019423,-0.990121,True,0.046756,0.901504,0.166226,0.100831,-0.145446,0.024076,-0.983920
2.604,True,-0.018160,0.901841,0.163573,0.088820,-0.110478,0.019816,-0.989704,True,0.046782,0.901491,0.166275,0.100910,-0.145484,0.024129,-0.983905
2.615,True,-0.018086,0.901894,0.163360,0.089020,-0.110562,0.019950,-0.989674,True,0.046858,0.901530,0.166054,0.101480,-0.146726,0.024411,-0.983655
2.626,True,-0.018045,0.901888,0.163417,0.089164,-0.110625,0.019871,-0.989655,True,0.046899,0.901536,0.166103,0.101624,-0.146780,0.024336,-0.983634
2.637,True,-0.018004,0.901893,0.163457,0.090056,-0.112923,0.020127,-0.989310,True,0.046940,0.901545,0.166125,0.101806,-0.146914,0.024330,-0.983595
2.648,True,-0.017923,0.901962,0.163266,0.090138,-0.113057,0.020228,-0.989285,True,0.047022,0.901602,0.165920,0.101919,-0.147456,0.024480,-0.983499
2.659,True,-0.017886,0.901970,0.163284,0.090218,-0.113221,0.020308,-0.989257,True,0.047059,0.901599,0.165918,0.101995,-0.147616,0.024560,-0.983465
2.670,True,-0.017847,0.901985,0.163299,0.091047,-0.115462,0.020653,-0.988915,True,0.047099,0.901603,0.165915,0.102038,-0.147766,0.024645,-0.983436
2.681,True,-0.017773,0.902054,0.163075,0.091038,-0.115655,0.020642,-0.988893,True,0.047174,0.901671,0.165669,0.102934,-0.148485,0.024710,-0.983233
2.692,True,-0.017723,0.902064,0.163068,0.091073,-0.115816,0.020644,-0.988871,True,0.047225,0.901680,0.165643,0.102965,-0.148634,0.024711,-0.983207
2.703,True,-0.017678,0.902060,0.163080,0.091669,-0.117683,0.020790,-0.988593,True,0.047271,0.901682,0.165628,0.103011,-0.148844,0.024651,-0.983172
2.715,True,-0.017600,0.902093,0.162837,0.091933,-0.117841,0.020741,-0.988550,True,0.047350,0.901724,0.165365,0.103116,-0.149004,0.024606,-0.983138
2.726,True,-0.017557,0.902108,0.162849,0.092058,-0.118122,0.020685,-0.988506,True,0.047394,0.901746,0.165340,0.103242,-0.149277,0.024550,-0.983084
2.737,True,-0.017479,0.902107,0.162842,0.093045,-0.120000,0.020780,-0.988186,True,0.047473,0.901763,0.165311,0.103478,-0.149438,0.024435,-0.983038
2.748,True,-0.017391,0.902161,0.162600,0.093279,-0.120192,0.020729,-0.988141,True,0.047562,0.901826,0.165044,0.103232,-0.149658,0.024383,-0.983032
2.759,True,-0.017341,0.902161,0.162596,0.093539,-0.120352,0.020698,-0.988098,True,0.047613,0.901834,0.165020,0.103491,-0.149810,0.024358,-0.982982
2.770,True,-0.017322,0.902174,0.162609,0.094133,-0.121737,0.020778,-0.987870,True,0.047633,0.901857,0.165006,0.103679,-0.150003,0.024293,-0.982934
2.781,True,-0.017265,0.902222,0.162365,0.094468,-0.121714,0.020768,-0.987841,True,0.047689,0.901914,0.164767,0.104603,-0.150156,0.024325,-0.982812
2.792,True,-0.017248,0.902239,0.162357,0.094657,-0.121688,0.020789,-0.987826,True,0.047707,0.901933,0.164764,0.104788,-0.150121,0.024350,-0.982797
2.803,True,-0.017242,0.902229,0.162345,0.095231,-0.122586,0.020959,-0.987656,True,0.047713,0.901922,0.164761,0.105009,-0.150055,0.024406,-0.982782
2.815,True,-0.017202,0.902252,0.162125,0.095353,-0.122454,0.020916,-0.987662,True,0.047752,0.901955,0.164559,0.105001,-0.150108,0.024388,-0.982776
2.826,True,-0.017194,0.902255,0.162107,0.095289,-0.122237,0.020921,-0.987694,True,0.047759,0.901959,0.164571,0.104934,-0.149885,0.024392,-0.982817
2.837,True,-0.017202,0.902218,0.162105,0.095603,-0.123165,0.021083,-0.987545,True,0.047750,0.901920,0.164584,0.104998,-0.149787,0.024430,-0.982824
2.848,True,-0.017188,0.902197,0.161925,0.095615,-0.123088,0.021116,-0.987553,True,0.047764,0.901898,0.164417,0.105414,-0.149551,0.024453,-0.982815
2.859,True,-0.017162,0.902162,0.161927,0.095605,-0.122987,0.021113,-0.987567,True,0.047790,0.901863,0.164432,0.105403,-0.149450,0.024450,-0.982831
2.870,True,-0.017128,0.902137,0.161945,0.095712,-0.123480,0.021229,-0.987492,True,0.047823,0.901831,0.164452,0.105365,-0.149456,0.024505,-0.982833
2.881,True,-0.017081,0.902137,0.161818,0.095592,-0.123616,0.021259,-0.987486,True,0.047870,0.901823,0.164309,0.105242,-0.149584,0.024528,-0.982826
2.893,True,-0.017041,0.902098,0.161856,0.095526,-0.123780,0.021206,-0.987473,True,0.047911,0.901788,0.164329,0.105128,-0.149486,0.024441,-0.982855
2.903,True,-0.017008,0.902033,0.161920,0.094085,-0.123779,0.021210,-0.987612,True,0.047945,0.901713,0.164374,0.105050,-0.149640,0.024484,-0.982839
2.915,True,-0.016925,0.901991,0.161790,0.093806,-0.123912,0.021427,-0.987617,True,0.048028,0.901636,0.164233,0.104764,-0.149768,0.024691,-0.982845
2.926,True,-0.016878,0.901913,0.161831,0.093474,-0.124048,0.021538,-0.987629,True,0.048076,0.901536,0.164260,0.100377,-0.149764,0.024703,-0.983303
2.937,True,-0.016845,0.901846,0.161888,0.082351,-0.124724,0.021729,-0.988529,True,0.048109,0.901418,0.164295,0.099343,-0.149953,0.025003,-0.983372
2.948,True,-0.016758,0.901767,0.161742,0.080697,-0.124976,0.022079,-0.988626,True,0.048196,0.901280,0.164127,0.098514,-0.150157,0.025345,-0.983415
2.959,True,-0.016685,0.901676,0.161798,0.079143,-0.125243,0.022514,-0.988708,False,0.000000,0.000000,0.000000,0.000000,0.000000,0.000000,1.000000
2.970,False,0.000000,0.000000,0.000000,0.000000,0.000000,0.000000,1.000000,False,0.000000,0.000000,0.000000,0.000000,0.000000,0.000000,1.000000
2.981,False,0.000000,0.000000,0.000000,0.000000,0.000000,0.000000,1.000000,False,0.000000,0.000000,0.000000,0.000000,0.000000,0.000000,1.000000
2.993,False,0.000000,0.000000,0.000000,0.000000,0.000000,0.000000,1.000000,False,0.000000,0.000000,0.000000,0.000000,0.000000,0.000000,1.000000
3.004,False,0.000000,0.000000,0.000000,0.000000,0.000000,0.000000,1.000000,False,0.000000,0.000000,0.000000,0.000000,0.000000,0.000000,1.000000
3.015,False,0.000000,0.000000,0.000000,0.000000,0.000000,0.000000,1.000000,False,0.000000,0.000000,0.000000,0.000000,0.000000,0.000000,1.000000
3.026,False,0.000000,0.000000,0.000000,0.000000,0.000000,0.000000,1.000000,False,0.000000,0.000000,0.000000,0.000000,0.000000,0.000000,1.000000
3.037,False,0.000000,0.000000,0.000000,0.000000,0.000000,0.000000,1.000000,False,0.000000,0.000000,0.000000,0.000000,0.000000,0.000000,1.000000
3.048,False,0.000000,0.000000,0.000000,0.000000,0.000000,0.000000,1.000000,False,0.000000,0.000000,0.000000,0.000000,0.000000,0.000000,1.000000
3.059,False,0.000000,0.000000,0.000000,0.000000,0.000000,0.000000,1.000000,False,0.000000,0.000000,0.000000,0.000000,0.000000,0.000000,1.000000
3.070,False,0.000000,0.000000,0.000000,0.000000,0.000000,0.000000,1.000000,False,0.000000,0.000000,0.000000,0.000000,0.000000,0.000000,1.000000
3.081,False,0.000000,0.000000,0.000000,0.000000,0.000000,0.000000,1.000000,False,0.000000,0.000000,0.000000,0.000000,0.000000,0.000000,1.000000
3.093,False,0.000000,0.000000,0.000000,0.000000,0.000000,0.000000,1.000000,False,0.000000,0.000000,0.000000,0.000000,0.000000,0.000000,1.000000
3.103,True,-0.015985,0.901635,0.161926,0.029896,-0.086751,0.019885,-0.995583,False,0.000000,0.000000,0.000000,0.000000,0.000000,0.000000,1.000000
3.115,True,-0.015932,0.901702,0.161777,0.024831,-0.083112,0.019400,-0.996042,False,0.000000,0.000000,0.000000,0.000000,0.000000,0.000000,1.000000
3.126,True,-0.015926,0.901719,0.161839,0.021236,-0.080500,0.018854,-0.996350,True,0.049032,0.900795,0.163983,0.064294,-0.123819,0.024583,-0.989915
3.137,True,-0.015926,0.901752,0.161898,-0.013239,-0.049338,0.014630,-0.998587,True,0.049032,0.900832,0.164030,0.058654,-0.119340,0.023956,-0.990830
3.148,True,-0.015897,0.901823,0.161726,-0.013057,-0.049365,0.014530,-0.998590,True,0.049061,0.900919,0.163853,0.055345,-0.116614,0.023492,-0.991356
3.159,True,-0.015906,0.901829,0.161797,-0.012889,-0.049347,0.014375,-0.998595,True,0.049053,0.900946,0.163925,0.030774,-0.094498,0.020377,-0.994841
3.170,True,-0.015917,0.901853,0.161855,-0.025442,-0.035579,0.012559,-0.998964,True,0.049042,0.900970,0.163984,0.030980,-0.094479,0.020401,-0.994836
3.181,True,-0.015927,0.901869,0.161685,-0.025214,-0.035563,0.012340,-0.998973,True,0.049032,0.901017,0.163814,0.015804,-0.083092,0.018616,-0.996243
3.193,True,-0.015939,0.901873,0.161718,-0.025069,-0.035482,0.012104,-0.998983,True,0.049021,0.901052,0.163857,0.015958,-0.083001,0.018391,-0.996252
3.203,True,-0.015947,0.901863,0.161743,-0.036986,-0.026315,0.010686,-0.998912,True,0.049013,0.901063,0.163894,0.016133,-0.082894,0.018259,-0.996261
3.215,True,-0.015934,0.901874,0.161556,-0.036888,-0.026334,0.010483,-0.998917,True,0.049026,0.901100,0.163703,0.016251,-0.082911,0.018062,-0.996261
3.226,True,-0.015945,0.901839,0.161570,-0.036821,-0.026269,0.010233,-0.998924,True,0.049015,0.901098,0.163722,0.005646,-0.074359,0.016644,-0.997077
3.237,True,-0.015953,0.901810,0.161590,-0.039705,-0.018306,0.009092,-0.999002,True,0.049008,0.901088,0.163748,0.005629,-0.074305,0.016496,-0.997083
3.248,True,-0.015958,0.901808,0.161402,-0.039664,-0.018327,0.008950,-0.999005,True,0.049003,0.901104,0.163553,-0.002291,-0.069039,0.015601,-0.997489
3.259,True,-0.015967,0.901753,0.161408,-0.039551,-0.018270,0.008728,-0.999012,True,0.048993,0.901078,0.163566,-0.002171,-0.068973,0.015387,-0.997498
3.270,True,-0.015989,0.901734,0.161432,-0.044121,-0.014702,0.008202,-0.998884,True,0.048972,0.901063,0.163595,-0.002173,-0.068924,0.015359,-0.997501
3.281,True,-0.015962,0.901741,0.161249,-0.044086,-0.014635,0.008126,-0.998888,True,0.048999,0.901080,0.163417,-0.008874,-0.065782,0.014813,-0.997685
3.293,True,-0.015996,0.901712,0.161270,-0.044015,-0.014685,0.008080,-0.998890,True,0.048965,0.901057,0.163429,-0.008799,-0.065835,0.014769,-0.997683
3.303,True,-0.016012,0.901690,0.161294,-0.044902,-0.011201,0.007511,-0.998900,True,0.048949,0.901053,0.163457,-0.008814,-0.065797,0.014629,-0.997687
3.315,True,-0.016019,0.901689,0.161100,-0.044908,-0.011118,0.007464,-0.998901,True,0.048941,0.901057,0.163269,-0.011284,-0.062780,0.014195,-0.997863
3.326,True,-0.016029,0.901665,0.161132,-0.044915,-0.011058,0.007477,-0.998902,True,0.048931,0.901031,0.163306,-0.011294,-0.062724,0.014210,-0.997866
3.337,True,-0.016056,0.901654,0.161163,-0.048248,-0.008804,0.007178,-0.998771,True,0.048905,0.901016,0.163324,-0.011334,-0.062812,0.014241,-0.997859
3.348,True,-0.016042,0.901672,0.160990,-0.048203,-0.008888,0.007191,-0.998772,True,0.048919,0.901033,0.163135,-0.011288,-0.062904,0.014255,-0.997854
3.359,True,-0.016065,0.901654,0.161030,-0.048152,-0.008988,0.007174,-0.998774,True,0.048897,0.901018,0.163160,-0.014622,-0.061226,0.013970,-0.997919
3.370,True,-0.016100,0.901660,0.161094,-0.051587,-0.007108,0.006918,-0.998619,True,0.048863,0.901019,0.163205,-0.014708,-0.061350,0.014001,-0.997910
3.381,True,-0.016086,0.901665,0.160926,-0.051468,-0.007067,0.006925,-0.998626,True,0.048877,0.901023,0.163038,-0.014594,-0.061315,0.014017,-0.997913
3.393,True,-0.016119,0.901668,0.160989,-0.051424,-0.007159,0.006969,-0.998627,True,0.048844,0.901021,0.163087,-0.016553,-0.058838,0.013720,-0.998036
3.404,True,-0.016161,0.901686,0.161067,-0.052895,-0.006015,0.006768,-0.998559,True,0.048802,0.901043,0.163150,-0.016518,-0.058917,0.013691,-0.998032
3.415,True,-0.016137,0.901741,0.160885,-0.052797,-0.006019,0.006694,-0.998565,True,0.048827,0.901108,0.162966,-0.016422,-0.058917,0.013621,-0.998035
3.426,True,-0.016175,0.901757,0.160970,-0.052718,-0.006107,0.006649,-0.998569,True,0.048789,0.901131,0.163037,-0.019375,-0.057513,0.013352,-0.998067
3.437,True,-0.016202,0.901782,0.161047,-0.053094,-0.004425,0.006315,-0.998560,True,0.048762,0.901172,0.163111,-0.019357,-0.057513,0.013229,-0.998069
3.448,True,-0.016193,0.901813,0.160888,-0.052942,-0.004458,0.006334,-0.998568,True,0.048771,0.901202,0.162945,-0.019215,-0.057543,0.013255,-0.998070
3.459,True,-0.016246,0.901803,0.160982,-0.052848,-0.004487,0.006311,-0.998573,True,0.048718,0.901195,0.163033,-0.021204,-0.056352,0.013058,-0.998100
3.470,True,-0.016289,0.901779,0.161061,-0.055282,-0.002202,0.005810,-0.998452,True,0.048676,0.901196,0.163110,-0.021207,-0.056343,0.012871,-0.998103
3.482,True,-0.016318,0.901793,0.160926,-0.055235,-0.002170,0.005772,-0.998454,True,0.048647,0.901215,0.162976,-0.021162,-0.056311,0.012837,-0.998107
3.493,True,-0.016375,0.901773,0.161019,-0.055341,-0.002190,0.005569,-0.998450,True,0.048590,0.901220,0.163066,-0.023508,-0.055182,0.012456,-0.998122
3.504,True,-0.016420,0.901739,0.161116,-0.057193,-0.004352,0.005714,-0.998337,True,0.048545,0.901197,0.163163,-0.023560,-0.055141,0.012363,-0.998124
3.515,True,-0.016436,0.901763,0.160979,-0.057538,-0.004446,0.005703,-0.998317,True,0.048530,0.901224,0.163034,-0.023804,-0.055055,0.012323,-0.998124
3.526,True,-0.016522,0.901742,0.161080,-0.057754,-0.004634,0.005666,-0.998304,True,0.048443,0.901210,0.163132,-0.026825,-0.059787,0.012783,-0.997769
3.537,True,-0.016583,0.901745,0.161182,-0.059652,-0.025732,0.008173,-0.997854,True,0.048382,0.901213,0.163245,-0.027459,-0.060541,0.012860,-0.997705
3.548,True,-0.016648,0.901759,0.161080,-0.060030,-0.027901,0.008404,-0.997771,True,0.048317,0.901230,0.163143,-0.027755,-0.060895,0.012870,-0.997675
3.559,True,-0.016684,0.901749,0.161166,-0.060286,-0.028990,0.008419,-0.997725,True,0.048281,0.901235,0.163262,-0.034317,-0.064788,0.013128,-0.997222
3.570,True,-0.016806,0.901709,0.161311,-0.075273,-0.036619,0.008914,-0.996451,True,0.048159,0.901217,0.163391,-0.034400,-0.064918,0.012955,-0.997213
3.581,True,-0.016842,0.901709,0.161170,-0.075358,-0.036569,0.008716,-0.996448,True,0.048123,0.901242,0.163259,-0.034477,-0.064860,0.012757,-0.997217
3.593,True,-0.016898,0.901685,0.161275,-0.075388,-0.036524,0.008631,-0.996448,True,0.048066,0.901229,0.163371,-0.038706,-0.065323,0.012668,-0.997033
3.603,True,-0.016959,0.901656,0.161382,-0.083332,-0.040437,0.008861,-0.995662,True,0.048006,0.901213,0.163485,-0.038803,-0.065284,0.012551,-0.997033
3.615,True,-0.016997,0.901659,0.161265,-0.083359,-0.040427,0.008889,-0.995660,True,0.047968,0.901212,0.163368,-0.038826,-0.065274,0.012579,-0.997033
3.626,True,-0.017051,0.901634,0.161377,-0.083422,-0.040331,0.008770,-0.995659,True,0.047913,0.901201,0.163494,-0.042450,-0.066496,0.012564,-0.996804
3.637,True,-0.017111,0.901619,0.161496,-0.091091,-0.043474,0.009020,-0.994852,True,0.047853,0.901186,0.163621,-0.042428,-0.066442,0.012561,-0.996809
3.648,True,-0.017122,0.901647,0.161390,-0.091167,-0.043463,0.008900,-0.994847,True,0.047841,0.901230,0.163518,-0.042498,-0.066425,0.012440,-0.996808
3.659,True,-0.017171,0.901599,0.161506,-0.091039,-0.043503,0.008642,-0.994859,True,0.047793,0.901216,0.163633,-0.043703,-0.067976,0.012345,-0.996653
3.670,True,-0.017195,0.901610,0.161616,-0.096332,-0.045358,0.008650,-0.994278,True,0.047769,0.901242,0.163751,-0.043925,-0.067929,0.012207,-0.996648
3.681,True,-0.017181,0.901577,0.161507,-0.096298,-0.045420,0.008531,-0.994279,True,0.047783,0.901226,0.163636,-0.043885,-0.067982,0.012086,-0.996648
3.693,True,-0.017197,0.901551,0.161597,-0.096388,-0.045316,0.008450,-0.994276,True,0.047767,0.901208,0.163740,-0.045056,-0.068803,0.012101,-0.996539
3.704,True,-0.017227,0.901521,0.161696,-0.099648,-0.048933,0.008708,-0.993781,True,0.047737,0.901192,0.163835,-0.045199,-0.068853,0.011981,-0.996530
3.715,True,-0.017188,0.901520,0.161588,-0.099812,-0.048862,0.008717,-0.993768,True,0.047775,0.901188,0.163736,-0.045361,-0.068782,0.011991,-0.996528
3.726,True,-0.017194,0.901512,0.161697,-0.099910,-0.048917,0.008752,-0.993755,True,0.047770,0.901175,0.163838,-0.047333,-0.069155,0.012028,-0.996410
3.737,True,-0.017195,0.901486,0.161812,-0.103119,-0.048938,0.008509,-0.993428,True,0.047769,0.901173,0.163939,-0.047350,-0.069276,0.011845,-0.996403
3.748,True,-0.017142,0.901518,0.161673,-0.103133,-0.048913,0.008544,-0.993428,True,0.047822,0.901200,0.163803,-0.047361,-0.069252,0.011881,-0.996404
3.759,True,-0.017134,0.901505,0.161786,-0.103121,-0.048964,0.008549,-0.993426,True,0.047831,0.901187,0.163910,-0.047345,-0.069301,0.011883,-0.996401
3.770,True,-0.017123,0.901515,0.161911,-0.106528,-0.050164,0.008787,-0.993005,True,0.047842,0.901178,0.164032,-0.048332,-0.070016,0.012102,-0.996301
3.781,True,-0.017039,0.901546,0.161678,-0.106425,-0.050251,0.008943,-0.993010,True,0.047926,0.901192,0.163787,-0.048228,-0.070110,0.012255,-0.996297
3.793,True,-0.017028,0.901569,0.161898,-0.106567,-0.050436,0.009074,-0.992984,True,0.047937,0.901199,0.163982,-0.048070,-0.071802,0.012556,-0.996181
3.804,True,-0.017000,0.901546,0.162010,-0.106545,-0.050582,0.009034,-0.992979,True,0.047966,0.901183,0.164077,-0.048044,-0.071944,0.012509,-0.996172
3.815,True,-0.016931,0.901565,0.161804,-0.108696,-0.052549,0.009203,-0.992643,True,0.048036,0.901206,0.163856,-0.048068,-0.072061,0.012484,-0.996163
3.826,True,-0.016927,0.901556,0.162012,-0.108853,-0.052591,0.009174,-0.992623,True,0.048040,0.901199,0.164059,-0.047995,-0.073506,0.012621,-0.996059
3.837,True,-0.016919,0.901535,0.162115,-0.109752,-0.053093,0.009178,-0.992498,True,0.048048,0.901183,0.164159,-0.048070,-0.073542,0.012580,-0.996054
3.848,True,-0.016854,0.901523,0.161990,-0.109864,-0.053026,0.009166,-0.992489,True,0.048112,0.901171,0.164044,-0.048178,-0.073475,0.012571,-0.996053
3.859,True,-0.016843,0.901500,0.162082,-0.109991,-0.052977,0.009159,-0.992478,True,0.048123,0.901147,0.164143,-0.048300,-0.073425,0.012564,-0.996051
3.870,True,-0.016849,0.901451,0.162177,-0.110081,-0.052986,0.009093,-0.992468,True,0.048117,0.901105,0.164239,-0.048842,-0.073672,0.012518,-0.996007
3.881,True,-0.016802,0.901480,0.162023,-0.111930,-0.053370,0.009208,-0.992239,True,0.048164,0.901120,0.164111,-0.049027,-0.073471,0.012600,-0.996012
3.892,True,-0.016808,0.901447,0.162097,-0.111977,-0.053285,0.009307,-0.992237,True,0.048157,0.901073,0.164196,-0.048812,-0.074295,0.012816,-0.995959
3.904,True,-0.016820,0.901404,0.162175,-0.112010,-0.053221,0.009309,-0.992237,True,0.048144,0.901029,0.164283,-0.048839,-0.074230,0.012821,-0.995962
3.915,True,-0.016821,0.901408,0.162026,-0.112123,-0.053787,0.009352,-0.992194,True,0.048144,0.901035,0.164139,-0.048849,-0.074203,0.012799,-0.995964
3.926,True,-0.016824,0.901394,0.162105,-0.112126,-0.053716,0.009307,-0.992198,True,0.048140,0.901026,0.164229,-0.048745,-0.075465,0.012918,-0.995873
3.937,True,-0.016832,0.901367,0.162168,-0.112093,-0.053634,0.009224,-0.992207,True,0.048132,0.901009,0.164304,-0.048706,-0.075379,0.012842,-0.995882
3.948,True,-0.016848,0.901348,0.162243,-0.113576,-0.054589,0.009301,-0.991985,True,0.048115,0.900992,0.164384,-0.048737,-0.075353,0.012829,-0.995883
3.959,True,-0.016839,0.901350,0.162047,-0.113516,-0.054470,0.009185,-0.991999,True,0.048124,0.901007,0.164206,-0.048908,-0.076128,0.012827,-0.995815
3.970,True,-0.016886,0.901342,0.162111,-0.113599,-0.054396,0.009167,-0.991994,True,0.048077,0.901000,0.164281,-0.048986,-0.076055,0.012812,-0.995817
3.981,True,-0.016874,0.901357,0.161930,-0.113987,-0.054989,0.009185,-0.991917,True,0.048089,0.901021,0.164118,-0.048985,-0.075931,0.012762,-0.995827
3.992,True,-0.016915,0.901339,0.161976,-0.114019,-0.054915,0.009067,-0.991918,True,0.048047,0.901017,0.164176,-0.049163,-0.076564,0.012731,-0.995771
4.004,True,-0.016960,0.901332,0.162024,-0.113991,-0.054847,0.008983,-0.991926,True,0.048002,0.901020,0.164235,-0.049131,-0.076492,0.012653,-0.995779
4.015,True,-0.016976,0.901373,0.161846,-0.114629,-0.055496,0.008950,-0.991817,True,0.047986,0.901075,0.164054,-0.049055,-0.076531,0.012561,-0.995781
4.026,True,-0.017010,0.901385,0.161902,-0.114510,-0.055469,0.008823,-0.991833,True,0.047952,0.901104,0.164116,-0.048391,-0.077248,0.012538,-0.995758
4.037,True,-0.017059,0.901414,0.161971,-0.114420,-0.055480,0.008625,-0.991845,True,0.047902,0.901160,0.164188,-0.048289,-0.077246,0.012342,-0.995766
4.048,True,-0.017138,0.901451,0.161809,-0.113029,-0.049906,0.007871,-0.992306,True,0.047823,0.901214,0.164032,-0.048092,-0.077215,0.012235,-0.995779
4.059,True,-0.017192,0.901463,0.161850,-0.112850,-0.049341,0.007631,-0.992357,False,0.000000,0.000000,0.000000,0.000000,0.000000,0.000000,1.000000
4.070,True,-0.017262,0.901466,0.161884,-0.112547,-0.048534,0.007441,-0.992433,False,0.000000,0.000000,0.000000,0.000000,0.000000,0.000000,1.000000
4.081,False,0.000000,0.000000,0.000000,0.000000,0.000000,0.000000,1.000000,False,0.000000,0.000000,0.000000,0.000000,0.000000,0.000000,1.000000
4.093,False,0.000000,0.000000,0.000000,0.000000,0.000000,0.000000,1.000000,False,0.000000,0.000000,0.000000,0.000000,0.000000,0.000000,1.000000
4.104,False,0.000000,0.000000,0.000000,0.000000,0.000000,0.000000,1.000000,False,0.000000,0.000000,0.000000,0.000000,0.000000,0.000000,1.000000
4.115,False,0.000000,0.000000,0.000000,0.000000,0.000000,0.000000,1.000000,False,0.000000,0.000000,0.000000,0.000000,0.000000,0.000000,1.000000
4.126,False,0.000000,0.000000,0.000000,0.000000,0.000000,0.000000,1.000000,False,0.000000,0.000000,0.000000,0.000000,0.000000,0.000000,1.000000
4.137,False,0.000000,0.000000,0.000000,0.000000,0.000000,0.000000,1.000000,False,0.000000,0.000000,0.000000,0.000000,0.000000,0.000000,1.000000
4.148,False,0.000000,0.000000,0.000000,0.000000,0.000000,0.000000,1.000000,False,0.000000,0.000000,0.000000,0.000000,0.000000,0.000000,1.000000
4.159,False,0.000000,0.000000,0.000000,0.000000,0.000000,0.000000,1.000000,False,0.000000,0.000000,0.000000,0.000000,0.000000,0.000000,1.000000
4.170,False,0.000000,0.000000,0.000000,0.000000,0.000000,0.000000,1.000000,False,0.000000,0.000000,0.000000,0.000000,0.000000,0.000000,1.000000
4.181,False,0.000000,0.000000,0.000000,0.000000,0.000000,0.000000,1.000000,False,0.000000,0.000000,0.000000,0.000000,0.000000,0.000000,1.000000
4.192,False,0.000000,0.000000,0.000000,0.000000,0.000000,0.000000,1.000000,False,0.000000,0.000000,0.000000,0.000000,0.000000,0.000000,1.000000
4.204,False,0.000000,0.000000,0.000000,0.000000,0.000000,0.000000,1.000000,False,0.000000,0.000000,0.000000,0.000000,0.000000,0.000000,1.000000
4.215,False,0.000000,0.000000,0.000000,0.000000,0.000000,0.000000,1.000000,False,0.000000,0.000000,0.000000,0.000000,0.000000,0.000000,1.000000
4.226,False,0.000000,0.000000,0.000000,0.000000,0.000000,0.000000,1.000000,False,0.000000,0.000000,0.000000,0.000000,0.000000,0.000000,1.000000
4.237,False,0.000000,0.000000,0.000000,0.000000,0.000000,0.000000,1.000000,False,0.000000,0.000000,0.000000,0.000000,0.000000,0.000000,1.000000
4.248,False,0.000000,0.000000,0.000000,0.000000,0.000000,0.000000,1.000000,False,0.000000,0.000000,0.000000,0.000000,0.000000,0.000000,1.000000
4.259,False,0.000000,0.000000,0.000000,0.000000,0.000000,0.000000,1.000000,False,0.000000,0.000000,0.000000,0.000000,0.000000,0.000000,1.000000
4.270,False,0.000000,0.000000,0.000000,0.000000,0.000000,0.000000,1.000000,False,0.000000,0.000000,0.000000,0.000000,0.000000,0.000000,1.000000
4.281,False,0.000000,0.000000,0.000000,0.000000,0.000000,0.000000,1.000000,False,0.000000,0.000000,0.000000,0.000000,0.000000,0.000000,1.000000
4.293,False,0.000000,0.000000,0.000000,0.000000,0.000000,0.000000,1.000000,False,0.000000,0.000000,0.000000,0.000000,0.000000,0.000000,1.000000
4.304,False,0.000000,0.000000,0.000000,0.000000,0.000000,0.000000,1.000000,True,0.046553,0.901387,0.164090,-0.051133,-0.043068,0.006464,-0.997742
4.315,True,-0.018449,0.901353,0.161515,-0.095110,0.032384,-0.003547,-0.994934,True,0.046497,0.901374,0.164177,-0.051476,-0.040184,0.006026,-0.997847
4.326,True,-0.018479,0.901332,0.161426,-0.093633,0.038359,-0.004361,-0.994858,True,0.046465,0.901371,0.164107,-0.051790,-0.036594,0.005470,-0.997972
4.337,True,-0.018510,0.901300,0.161439,-0.090654,0.050177,-0.005869,-0.994600,True,0.046434,0.901359,0.164140,-0.056168,0.000543,0.000793,-0.998421
4.348,True,-0.018555,0.901297,0.161343,-0.081767,0.102745,-0.012211,-0.991266,True,0.046389,0.901387,0.164057,-0.056154,0.000653,0.000550,-0.998422
4.359,True,-0.018599,0.901295,0.161424,-0.082002,0.102881,-0.012335,-0.991231,True,0.046343,0.901401,0.164154,-0.058428,0.027013,-0.002770,-0.997922
4.370,True,-0.018662,0.901236,0.161491,-0.082114,0.103016,-0.012488,-0.991206,True,0.046280,0.901362,0.164240,-0.058531,0.027152,-0.002928,-0.997912
4.381,True,-0.018678,0.901227,0.161324,-0.073065,0.129941,-0.015647,-0.988702,True,0.046262,0.901373,0.164099,-0.058678,0.027410,-0.003111,-0.997896
4.393,True,-0.018745,0.901144,0.161435,-0.073336,0.130159,-0.015926,-0.988649,True,0.046195,0.901328,0.164234,-0.061457,0.045744,-0.005625,-0.997045
4.404,True,-0.018809,0.901089,0.161509,-0.073585,0.130353,-0.016073,-0.988603,True,0.046130,0.901292,0.164331,-0.061709,0.045960,-0.005794,-0.997019
4.415,True,-0.018846,0.901058,0.161410,-0.070523,0.150346,-0.018718,-0.985937,True,0.046091,0.901311,0.164250,-0.062009,0.046109,-0.006189,-0.996991
4.426,True,-0.018912,0.900983,0.161498,-0.070683,0.150503,-0.018989,-0.985897,True,0.046025,0.901272,0.164352,-0.062163,0.058575,-0.007932,-0.996314
4.437,True,-0.018989,0.900892,0.161597,-0.071027,0.150587,-0.019442,-0.985850,True,0.045947,0.901243,0.164466,-0.062466,0.058662,-0.008414,-0.996286
4.448,True,-0.019029,0.900822,0.161494,-0.069183,0.165284,-0.021498,-0.983582,True,0.045904,0.901230,0.164418,-0.062812,0.059160,-0.008883,-0.996231
4.459,True,-0.019130,0.900717,0.161586,-0.069461,0.165610,-0.021800,-0.983501,True,0.045801,0.901165,0.164546,-0.063536,0.070927,-0.010566,-0.995400
4.470,True,-0.019216,0.900589,0.161682,-0.069754,0.165990,-0.022278,-0.983405,True,0.045712,0.901100,0.164695,-0.063789,0.071311,-0.011068,-0.995351
4.481,True,-0.019274,0.900531,0.161605,-0.064667,0.174638,-0.023384,-0.982229,True,0.045651,0.901077,0.164672,-0.064015,0.071822,-0.011373,-0.995296
4.493,True,-0.019362,0.900429,0.161698,-0.064837,0.175130,-0.023754,-0.982121,True,0.045560,0.901022,0.164823,-0.063799,0.081811,-0.012860,-0.994521
4.503,True,-0.019487,0.900304,0.161810,-0.065076,0.175668,-0.024263,-0.981997,True,0.045431,0.900962,0.165005,-0.064015,0.082378,-0.013394,-0.994453
4.515,True,-0.019590,0.900247,0.161703,-0.062665,0.181689,-0.025143,-0.981035,True,0.045323,0.900946,0.164979,-0.064266,0.083029,-0.013746,-0.994378
4.526,True,-0.019722,0.900100,0.161870,-0.063206,0.182279,-0.025863,-0.980872,True,0.045187,0.900896,0.165224,-0.064760,0.083647,-0.014524,-0.994283
4.537,True,-0.019834,0.899976,0.161978,-0.063701,0.183071,-0.026351,-0.980680,True,0.045069,0.900837,0.165429,-0.065065,0.091645,-0.015889,-0.993537
4.548,True,-0.019928,0.899904,0.161890,-0.062440,0.188067,-0.027309,-0.979789,True,0.044969,0.900834,0.165423,-0.065521,0.092282,-0.016444,-0.993439
4.559,True,-0.020034,0.899818,0.162017,-0.062836,0.188675,-0.027698,-0.979636,True,0.044859,0.900799,0.165623,-0.065771,0.098102,-0.017466,-0.992847
4.570,True,-0.020137,0.899759,0.162151,-0.063103,0.189222,-0.027903,-0.979507,True,0.044751,0.900768,0.165827,-0.066039,0.098678,-0.017702,-0.992768
4.581,True,-0.020234,0.899726,0.162100,-0.063041,0.193606,-0.028563,-0.978635,True,0.044648,0.900767,0.165867,-0.066327,0.099418,-0.017990,-0.992670
4.593,True,-0.020343,0.899660,0.162222,-0.063309,0.194290,-0.028861,-0.978474,True,0.044534,0.900738,0.166071,-0.065891,0.104802,-0.018829,-0.992129
4.604,True,-0.020461,0.899609,0.162364,-0.063676,0.194917,-0.029233,-0.978314,True,0.044410,0.900737,0.166295,-0.066245,0.105459,-0.019240,-0.992028
4.615,True,-0.020549,0.899602,0.162318,-0.062362,0.199084,-0.029814,-0.977542,True,0.044317,0.900754,0.166317,-0.066295,0.106083,-0.019473,-0.991954
4.626,True,-0.020654,0.899579,0.162462,-0.062623,0.199595,-0.030083,-0.977413,True,0.044207,0.900767,0.166532,-0.066539,0.106598,-0.019769,-0.991876
4.637,True,-0.020773,0.899546,0.162618,-0.062614,0.200109,-0.030233,-0.977303,True,0.044085,0.900749,0.166748,-0.066549,0.111853,-0.020456,-0.991283
4.648,True,-0.020863,0.899535,0.162559,-0.062616,0.201159,-0.030401,-0.977083,True,0.043991,0.900751,0.166751,-0.066694,0.112379,-0.020586,-0.991211
4.664,True,-0.021008,0.899492,0.162750,-0.063066,0.201841,-0.030583,-0.976907,True,0.043840,0.900734,0.167019,-0.066966,0.117303,-0.021283,-0.990607
4.675,True,-0.021081,0.899445,0.162891,-0.063395,0.202297,-0.030600,-0.976791,True,0.043763,0.900691,0.167217,-0.067309,0.117788,-0.021336,-0.990525
4.686,True,-0.021133,0.899416,0.162821,-0.061741,0.205887,-0.030856,-0.976139,True,0.043708,0.900661,0.167196,-0.067637,0.118214,-0.021340,-0.990452
4.698,True,-0.021209,0.899336,0.162932,-0.061925,0.206270,-0.030863,-0.976046,True,0.043629,0.900583,0.167348,-0.067020,0.121384,-0.021649,-0.990104
4.709,True,-0.021254,0.899273,0.163058,-0.062173,0.206655,-0.030863,-0.975949,True,0.043580,0.900522,0.167520,-0.067286,0.121789,-0.021677,-0.990035
4.720,True,-0.021251,0.899268,0.162978,-0.061326,0.207204,-0.030735,-0.975890,True,0.043583,0.900502,0.167456,-0.067513,0.121979,-0.021566,-0.989999
4.731,True,-0.021266,0.899226,0.163105,-0.061503,0.207411,-0.030621,-0.975838,True,0.043567,0.900447,0.167597,-0.067240,0.125177,-0.021785,-0.989614
4.742,True,-0.021282,0.899176,0.163228,-0.061621,0.207593,-0.030513,-0.975796,True,0.043550,0.900384,0.167738,-0.067385,0.125377,-0.021692,-0.989581
4.753,True,-0.021310,0.899175,0.163168,-0.059721,0.208842,-0.030231,-0.975656,True,0.043522,0.900343,0.167689,-0.067609,0.125545,-0.021384,-0.989551
4.764,True,-0.021328,0.899126,0.163293,-0.059909,0.209087,-0.030053,-0.975597,True,0.043503,0.900272,0.167836,-0.067790,0.128856,-0.021561,-0.989109
4.775,True,-0.021350,0.899085,0.163411,-0.060086,0.209294,-0.029868,-0.975548,True,0.043480,0.900209,0.167973,-0.067999,0.129108,-0.021399,-0.989065
4.786,True,-0.021353,0.899042,0.163317,-0.059124,0.211613,-0.029960,-0.975103,True,0.043476,0.900157,0.167895,-0.068240,0.129297,-0.021324,-0.989025
4.798,True,-0.021363,0.899008,0.163422,-0.059284,0.211875,-0.029862,-0.975040,True,0.043465,0.900111,0.168027,-0.068430,0.129596,-0.021248,-0.988975
4.809,True,-0.021372,0.898946,0.163493,-0.059482,0.212202,-0.029848,-0.974957,True,0.043453,0.900049,0.168130,-0.068149,0.129423,-0.021183,-0.989018
4.820,True,-0.021378,0.898924,0.163327,-0.030854,0.210371,-0.028364,-0.976723,True,0.043444,0.900004,0.168001,-0.068355,0.129678,-0.021005,-0.988974
4.831,True,-0.021396,0.898894,0.163383,-0.024445,0.210100,-0.027995,-0.976973,False,0.000000,0.000000,0.000000,0.000000,0.000000,0.000000,1.000000
4.842,True,-0.021419,0.898867,0.163434,-0.020603,0.209961,-0.027682,-0.977101,False,0.000000,0.000000,0.000000,0.000000,0.000000,0.000000,1.000000
4.853,False,0.000000,0.000000,0.000000,0.000000,0.000000,0.000000,1.000000,False,0.000000,0.000000,0.000000,0.000000,0.000000,0.000000,1.000000
4.864,False,0.000000,0.000000,0.000000,0.000000,0.000000,0.000000,1.000000,False,0.000000,0.000000,0.000000,0.000000,0.000000,0.000000,1.000000
4.875,False,0.000000,0.000000,0.000000,0.000000,0.000000,0.000000,1.000000,False,0.000000,0.000000,0.000000,0.000000,0.000000,0.000000,1.000000
4.886,False,0.000000,0.000000,0.000000,0.000000,0.000000,0.000000,1.000000,False,0.000000,0.000000,0.000000,0.000000,0.000000,0.000000,1.000000
4.897,False,0.000000,0.000000,0.000000,0.000000,0.000000,0.000000,1.000000,False,0.000000,0.000000,0.000000,0.000000,0.000000,0.000000,1.000000
4.909,False,0.000000,0.000000,0.000000,0.000000,0.000000,0.000000,1.000000,False,0.000000,0.000000,0.000000,0.000000,0.000000,0.000000,1.000000
4.920,False,0.000000,0.000000,0.000000,0.000000,0.000000,0.000000,1.000000,False,0.000000,0.000000,0.000000,0.000000,0.000000,0.000000,1.000000
4.931,False,0.000000,0.000000,0.000000,0.000000,0.000000,0.000000,1.000000,False,0.000000,0.000000,0.000000,0.000000,0.000000,0.000000,1.000000
4.942,False,0.000000,0.000000,0.000000,0.000000,0.000000,0.000000,1.000000,False,0.000000,0.000000,0.000000,0.000000,0.000000,0.000000,1.000000
4.953,False,0.000000,0.000000,0.000000,0.000000,0.000000,0.000000,1.000000,False,0.000000,0.000000,0.000000,0.000000,0.000000,0.000000,1.000000
4.964,False,0.000000,0.000000,0.000000,0.000000,0.000000,0.000000,1.000000,False,0.000000,0.000000,0.000000,0.000000,0.000000,0.000000,1.000000
4.975,False,0.000000,0.000000,0.000000,0.000000,0.000000,0.000000,1.000000,False,0.000000,0.000000,0.000000,0.000000,0.000000,0.000000,1.000000
4.986,True,-0.021730,0.898969,0.162693,-0.012548,0.210625,-0.029017,-0.977056,False,0.000000,0.000000,0.000000,0.000000,0.000000,0.000000,1.000000
4.997,True,-0.021751,0.898940,0.162678,-0.007588,0.210075,-0.028932,-0.977228,True,0.043034,0.900231,0.167803,-0.062895,0.138007,-0.023295,-0.988158
5.009,True,-0.021743,0.898910,0.162621,-0.002623,0.209575,-0.028781,-0.977365,True,0.043040,0.900216,0.167766,-0.062812,0.138161,-0.023418,-0.988139
5.020,True,-0.021718,0.898899,0.162430,-0.002545,0.209659,-0.028841,-0.977346,True,0.043064,0.900211,0.167587,-0.062731,0.138244,-0.023477,-0.988131
5.031,True,-0.021724,0.898887,0.162426,-0.013386,0.207249,-0.029017,-0.977766,True,0.043057,0.900198,0.167590,-0.062093,0.139450,-0.023580,-0.987999
5.042,True,-0.021721,0.898858,0.162398,-0.013369,0.207276,-0.029115,-0.977758,True,0.043060,0.900181,0.167566,-0.062065,0.139476,-0.023677,-0.987995
5.053,True,-0.021696,0.898841,0.162226,-0.017403,0.207681,-0.029392,-0.977600,True,0.043085,0.900172,0.167389,-0.062013,0.139446,-0.023735,-0.988001
5.064,True,-0.021698,0.898818,0.162218,-0.017354,0.207600,-0.029483,-0.977615,True,0.043084,0.900159,0.167371,-0.061951,0.139364,-0.023819,-0.988015
5.075,True,-0.021670,0.898839,0.162049,-0.017248,0.207487,-0.029612,-0.977637,True,0.043112,0.900195,0.167188,-0.062174,0.140506,-0.024086,-0.987832
5.086,True,-0.021657,0.898825,0.162056,-0.019985,0.206658,-0.029794,-0.977755,True,0.043127,0.900196,0.167172,-0.062019,0.140328,-0.024205,-0.987864
5.098,True,-0.021647,0.898813,0.162068,-0.019817,0.206498,-0.029915,-0.977789,True,0.043138,0.900198,0.167163,-0.060242,0.141217,-0.024359,-0.987844
5.109,True,-0.021640,0.898822,0.162096,-0.019784,0.206380,-0.030008,-0.977812,True,0.043147,0.900218,0.167176,-0.060194,0.141099,-0.024445,-0.987862
5.120,True,-0.021604,0.898842,0.161860,-0.023266,0.204804,-0.030095,-0.978064,True,0.043183,0.900249,0.166937,-0.060001,0.141072,-0.024542,-0.987875
5.131,True,-0.021583,0.898858,0.161970,-0.023218,0.204848,-0.030116,-0.978055,True,0.043203,0.900267,0.167052,-0.059662,0.141061,-0.024543,-0.987897
5.142,True,-0.021603,0.898866,0.162015,-0.023116,0.204677,-0.030206,-0.978090,True,0.043184,0.900285,0.167076,-0.059544,0.140891,-0.024619,-0.987926
5.155,True,-0.021604,0.898867,0.161875,-0.025817,0.203696,-0.030424,-0.978221,True,0.043182,0.900310,0.166942,-0.059323,0.140940,-0.024824,-0.987927
5.164,True,-0.021638,0.898862,0.161928,-0.025635,0.203742,-0.030746,-0.978206,True,0.043146,0.900344,0.167003,-0.059114,0.140983,-0.025135,-0.987926
5.175,True,-0.021665,0.898871,0.161827,-0.025535,0.203808,-0.031089,-0.978184,True,0.043118,0.900395,0.166912,-0.058651,0.142045,-0.025571,-0.987790
5.186,True,-0.021706,0.898865,0.161864,-0.027688,0.204819,-0.031616,-0.977897,True,0.043075,0.900431,0.166960,-0.058548,0.142124,-0.025903,-0.987776
5.198,True,-0.021755,0.898860,0.161932,-0.027710,0.204918,-0.031863,-0.977868,True,0.043024,0.900457,0.167043,-0.058555,0.142216,-0.026154,-0.987756
5.209,True,-0.021769,0.898871,0.161865,-0.027832,0.205104,-0.031885,-0.977825,True,0.043008,0.900473,0.167001,-0.059337,0.143738,-0.026364,-0.987483
5.220,True,-0.021802,0.898890,0.161903,-0.029115,0.205551,-0.031879,-0.977694,True,0.042974,0.900484,0.167057,-0.059561,0.143893,-0.026301,-0.987449
5.231,True,-0.021844,0.898877,0.161990,-0.029175,0.205687,-0.031871,-0.977664,True,0.042931,0.900471,0.167163,-0.059611,0.144038,-0.026301,-0.987425
5.242,True,-0.021875,0.898870,0.162098,-0.029211,0.205804,-0.031766,-0.977641,True,0.042898,0.900450,0.167286,-0.059303,0.144988,-0.026279,-0.987305
5.253,True,-0.021873,0.898916,0.162031,-0.030030,0.209837,-0.032164,-0.976746,True,0.042900,0.900487,0.167221,-0.059325,0.145023,-0.026206,-0.987300
5.264,True,-0.021909,0.898909,0.162158,-0.030113,0.210072,-0.032310,-0.976688,True,0.042865,0.900494,0.167335,-0.059331,0.144924,-0.026310,-0.987312
5.275,True,-0.021906,0.898890,0.162260,-0.030058,0.210319,-0.032354,-0.976635,True,0.042868,0.900475,0.167438,-0.056755,0.153231,-0.027137,-0.986186
5.286,True,-0.021894,0.898908,0.162212,-0.019998,0.247027,-0.035961,-0.968135,True,0.042881,0.900492,0.167386,-0.056438,0.154573,-0.027259,-0.985991
5.297,True,-0.021909,0.898877,0.162332,-0.019600,0.248932,-0.036079,-0.967650,True,0.042865,0.900453,0.167505,-0.056272,0.155386,-0.027274,-0.985873
5.309,True,-0.021883,0.898867,0.162331,-0.019170,0.251160,-0.036010,-0.967086,True,0.042891,0.900410,0.167517,-0.053291,0.194762,-0.031211,-0.978904
5.320,True,-0.021889,0.898851,0.162421,-0.006544,0.299198,-0.040479,-0.953310,True,0.042886,0.900363,0.167607,-0.052723,0.199901,-0.031492,-0.977890
5.331,True,-0.021901,0.898820,0.162549,-0.005151,0.304223,-0.040862,-0.951710,True,0.042875,0.900318,0.167729,-0.052278,0.203360,-0.031745,-0.977192
5.342,True,-0.021933,0.898803,0.162689,-0.004416,0.307173,-0.041108,-0.950755,True,0.042844,0.900297,0.167850,-0.051578,0.252059,-0.037015,-0.965627
5.353,True,-0.021914,0.898805,0.162632,0.001841,0.332089,-0.043505,-0.942243,True,0.042865,0.900294,0.167785,-0.050675,0.262078,-0.038018,-0.962965
5.364,True,-0.021921,0.898779,0.162755,0.001845,0.332005,-0.043522,-0.942271,True,0.042858,0.900269,0.167896,-0.050149,0.267173,-0.038574,-0.961569
5.375,True,-0.021932,0.898771,0.162866,0.001803,0.331922,-0.043524,-0.942301,True,0.042849,0.900263,0.167995,-0.050717,0.279970,-0.040001,-0.957833
5.386,True,-0.021916,0.898796,0.162804,0.004460,0.339641,-0.044242,-0.939503,True,0.042864,0.900288,0.167934,-0.050754,0.279983,-0.039994,-0.957828
5.397,True,-0.021917,0.898798,0.162915,0.004415,0.339600,-0.044277,-0.939517,True,0.042863,0.900295,0.168038,-0.050798,0.279933,-0.040029,-0.957839
5.409,True,-0.021935,0.898799,0.163024,0.004420,0.339513,-0.044277,-0.939548,True,0.042846,0.900296,0.168134,-0.052193,0.283246,-0.040450,-0.956771
5.420,True,-0.021899,0.898844,0.162902,0.006934,0.345206,-0.044990,-0.937423,True,0.042883,0.900364,0.168001,-0.052156,0.283162,-0.040631,-0.956790
5.431,True,-0.021910,0.898860,0.162992,0.007020,0.345166,-0.045095,-0.937431,True,0.042872,0.900390,0.168085,-0.052067,0.283114,-0.040727,-0.956806
5.442,True,-0.021908,0.898892,0.162873,0.007079,0.345091,-0.045231,-0.937452,True,0.042874,0.900437,0.167956,-0.054887,0.288460,-0.041563,-0.955014
5.453,True,-0.021919,0.898883,0.162957,0.009647,0.349437,-0.045708,-0.935795,True,0.042864,0.900441,0.168037,-0.054872,0.288443,-0.041667,-0.955015
5.464,True,-0.021935,0.898878,0.163035,0.009639,0.349484,-0.045786,-0.935773,True,0.042847,0.900446,0.168120,-0.054880,0.288481,-0.041749,-0.954999
5.476,True,-0.021918,0.898902,0.162901,0.009706,0.349475,-0.045763,-0.935777,True,0.042865,0.900464,0.167983,-0.052135,0.291524,-0.041946,-0.954220
5.486,True,-0.021926,0.898912,0.162982,0.011325,0.352916,-0.046075,-0.934451,True,0.042857,0.900476,0.168057,-0.052182,0.291475,-0.041946,-0.954233
5.497,True,-0.021943,0.898912,0.163057,0.011381,0.352894,-0.046050,-0.934460,True,0.042840,0.900471,0.168128,-0.052130,0.291451,-0.041915,-0.954244
5.509,True,-0.021932,0.898924,0.162943,0.011435,0.352869,-0.046054,-0.934469,True,0.042852,0.900481,0.168010,-0.050294,0.293188,-0.042035,-0.953805
5.520,True,-0.021953,0.898907,0.162982,0.014044,0.355311,-0.046361,-0.933492,True,0.042831,0.900478,0.168038,-0.050222,0.293108,-0.042162,-0.953828
5.531,True,-0.021955,0.898894,0.163061,0.013953,0.355336,-0.046416,-0.933481,True,0.042829,0.900476,0.168119,-0.050312,0.293123,-0.042222,-0.953816
5.542,True,-0.021932,0.898875,0.162975,0.013964,0.355389,-0.046443,-0.933460,True,0.042851,0.900460,0.168037,-0.050339,0.293768,-0.042319,-0.953612
5.553,True,-0.021938,0.898861,0.162990,0.015292,0.355689,-0.046362,-0.933329,True,0.042844,0.900441,0.168061,-0.050375,0.293837,-0.042274,-0.953591
5.564,True,-0.021956,0.898840,0.163036,0.015326,0.355765,-0.046304,-0.933302,True,0.042826,0.900411,0.168116,-0.050348,0.293916,-0.042219,-0.953570
5.575,True,-0.021950,0.898826,0.162886,0.015322,0.355895,-0.046216,-0.933257,True,0.042832,0.900388,0.167983,-0.051529,0.295790,-0.042377,-0.952920
5.586,True,-0.021972,0.898815,0.162906,0.015284,0.355985,-0.046082,-0.933230,True,0.042808,0.900361,0.168014,-0.051579,0.295888,-0.042252,-0.952893
5.597,True,-0.022002,0.898789,0.162941,0.016073,0.357396,-0.046142,-0.932674,True,0.042777,0.900330,0.168061,-0.051592,0.295980,-0.042207,-0.952866
5.609,True,-0.022053,0.898759,0.162983,0.016082,0.357449,-0.046164,-0.932653,True,0.042726,0.900302,0.168110,-0.051582,0.296032,-0.042233,-0.952849
5.620,True,-0.022048,0.898755,0.162828,0.016935,0.359235,-0.046311,-0.931943,True,0.042729,0.900298,0.167978,-0.051183,0.298351,-0.042468,-0.952136
5.631,True,-0.022072,0.898742,0.162859,0.016982,0.359349,-0.046280,-0.931900,True,0.042704,0.900280,0.168025,-0.051143,0.298467,-0.042443,-0.952103
5.642,True,-0.022080,0.898748,0.162727,0.017117,0.359426,-0.046333,-0.931866,True,0.042695,0.900289,0.167901,-0.051921,0.298242,-0.042497,-0.952129
5.653,True,-0.022129,0.898769,0.162748,0.017143,0.359537,-0.046346,-0.931821,True,0.042645,0.900311,0.167937,-0.051897,0.298354,-0.042517,-0.952094
5.664,True,-0.022174,0.898773,0.162779,0.017559,0.360205,-0.046404,-0.931553,True,0.042598,0.900312,0.167985,-0.051795,0.298486,-0.042531,-0.952058
5.675,True,-0.022230,0.898784,0.162813,0.017633,0.360274,-0.046417,-0.931524,True,0.042542,0.900323,0.168026,-0.051409,0.299429,-0.042627,-0.951779
5.687,True,-0.022231,0.898818,0.162657,0.017760,0.360394,-0.046444,-0.931474,True,0.042540,0.900356,0.167886,-0.051285,0.299550,-0.042655,-0.951746
5.698,True,-0.022270,0.898817,0.162694,0.018386,0.361010,-0.046544,-0.931218,True,0.042501,0.900360,0.167929,-0.051206,0.299599,-0.042714,-0.951732
5.709,True,-0.022319,0.898822,0.162750,0.018385,0.360989,-0.046674,-0.931220,True,0.042452,0.900381,0.167980,-0.050387,0.300339,-0.042893,-0.951535
5.720,True,-0.022308,0.898868,0.162590,0.018481,0.360990,-0.046718,-0.931215,True,0.042463,0.900429,0.167820,-0.050293,0.300338,-0.042930,-0.951538
5.731,True,-0.022349,0.898866,0.162639,0.019283,0.361778,-0.046944,-0.930882,True,0.042423,0.900446,0.167852,-0.050273,0.300214,-0.043081,-0.951571
5.742,True,-0.022339,0.898881,0.162536,0.019357,0.361764,-0.046945,-0.930886,True,0.042433,0.900458,0.167745,-0.050859,0.300528,-0.043140,-0.951439
5.753,True,-0.022349,0.898881,0.162558,0.019364,0.361705,-0.047009,-0.930905,True,0.042423,0.900466,0.167758,-0.050853,0.300460,-0.043197,-0.951458
5.764,True,-0.022372,0.898884,0.162617,0.019548,0.362307,-0.047083,-0.930664,True,0.042402,0.900467,0.167807,-0.050794,0.300398,-0.043194,-0.951481
5.775,True,-0.022332,0.898877,0.162514,0.019632,0.362232,-0.047145,-0.930688,True,0.042442,0.900464,0.167692,-0.049829,0.300386,-0.043216,-0.951535
5.786,True,-0.022350,0.898879,0.162550,0.019642,0.362166,-0.047134,-0.930714,True,0.042425,0.900464,0.167718,-0.049825,0.300314,-0.043198,-0.951558
5.798,True,-0.022363,0.898866,0.162615,0.019723,0.362586,-0.047217,-0.930545,True,0.042413,0.900457,0.167770,-0.049875,0.300233,-0.043229,-0.951580
5.809,True,-0.022374,0.898860,0.162672,0.019696,0.362541,-0.047157,-0.930566,True,0.042402,0.900444,0.167820,-0.050105,0.300637,-0.043224,-0.951440
5.820,True,-0.022324,0.898857,0.162540,0.019625,0.362514,-0.047123,-0.930579,True,0.042453,0.900440,0.167682,-0.050183,0.300607,-0.043192,-0.951447
5.831,True,-0.022330,0.898836,0.162598,0.019534,0.362593,-0.047156,-0.930549,True,0.042447,0.900424,0.167738,-0.050257,0.300602,-0.043219,-0.951444
5.842,True,-0.022297,0.898849,0.162475,0.019541,0.362539,-0.047092,-0.930573,True,0.042481,0.900429,0.167606,-0.049840,0.300626,-0.043142,-0.951461
5.853,True,-0.022305,0.898830,0.162526,0.019592,0.362643,-0.047079,-0.930532,True,0.042472,0.900407,0.167669,-0.049796,0.300729,-0.043133,-0.951432
5.864,True,-0.022333,0.898815,0.162595,0.020324,0.363252,-0.047062,-0.930280,True,0.042443,0.900385,0.167747,-0.049777,0.300807,-0.043090,-0.951410
5.875,True,-0.022373,0.898822,0.162672,0.020228,0.363286,-0.046979,-0.930273,True,0.042403,0.900385,0.167827,-0.049359,0.301372,-0.043051,-0.951255
5.886,True,-0.022357,0.898803,0.162554,0.020161,0.364001,-0.047134,-0.929987,True,0.042418,0.900376,0.167716,-0.049340,0.301427,-0.043135,-0.951234
5.898,True,-0.022392,0.898786,0.162635,0.020016,0.364105,-0.047091,-0.929951,True,0.042383,0.900359,0.167809,-0.049492,0.301527,-0.043108,-0.951196
5.909,True,-0.022385,0.898785,0.162540,0.020081,0.364224,-0.047032,-0.929906,True,0.042388,0.900349,0.167730,-0.049287,0.302104,-0.043097,-0.951024
5.920,True,-0.022406,0.898784,0.162587,0.020256,0.364830,-0.047046,-0.929664,True,0.042367,0.900345,0.167790,-0.049325,0.302217,-0.043075,-0.950987
5.931,True,-0.022461,0.898772,0.162685,0.020224,0.364825,-0.047057,-0.929667,True,0.042312,0.900337,0.167886,-0.049360,0.302205,-0.043088,-0.950989
5.942,True,-0.022432,0.898786,0.162598,0.020293,0.364922,-0.047048,-0.929627,True,0.042340,0.900347,0.167811,-0.048758,0.302347,-0.043064,-0.950976
5.953,True,-0.022468,0.898787,0.162682,0.020360,0.364875,-0.046959,-0.929649,True,0.042304,0.900343,0.167895,-0.048875,0.302365,-0.042997,-0.950967
5.964,True,-0.022479,0.898778,0.162756,0.020336,0.365014,-0.046856,-0.929600,True,0.042292,0.900322,0.167987,-0.048910,0.302508,-0.042905,-0.950924
5.975,True,-0.022453,0.898783,0.162682,0.020291,0.365102,-0.046834,-0.929568,True,0.042317,0.900327,0.167924,-0.049061,0.301903,-0.042821,-0.951112
5.987,True,-0.022482,0.898755,0.162765,0.020905,0.365392,-0.046751,-0.929444,True,0.042288,0.900290,0.168019,-0.049089,0.302011,-0.042753,-0.951079
5.998,True,-0.022516,0.898720,0.162857,0.021008,0.365461,-0.046670,-0.929418,True,0.042253,0.900242,0.168120,-0.048997,0.302088,-0.042671,-0.951064
6.009,True,-0.022522,0.898709,0.162915,0.021056,0.365559,-0.046658,-0.929380,True,0.042246,0.900228,0.168190,-0.048662,0.302657,-0.042702,-0.950898
6.022,True,-0.022480,0.898721,0.162807,0.021076,0.365563,-0.046749,-0.929373,True,0.042288,0.900251,0.168082,-0.048640,0.302654,-0.042792,-0.950896
6.031,True,-0.022496,0.898710,0.162914,0.021016,0.365672,-0.046756,-0.929331,True,0.042271,0.900242,0.168197,-0.048691,0.302719,-0.042801,-0.950873
6.042,True,-0.022498,0.898688,0.162997,0.021033,0.365760,-0.046714,-0.929298,True,0.042268,0.900215,0.168291,-0.048579,0.302224,-0.042696,-0.951040
6.053,True,-0.022415,0.898708,0.162826,0.020866,0.365729,-0.046637,-0.929318,True,0.042352,0.900231,0.168112,-0.048760,0.302184,-0.042626,-0.951047
6.064,True,-0.022464,0.898669,0.163004,0.020632,0.365624,-0.046551,-0.929369,True,0.042301,0.900183,0.168311,-0.048740,0.302347,-0.042567,-0.950999
6.076,True,-0.022502,0.898676,0.163101,0.020517,0.365675,-0.046472,-0.929355,True,0.042263,0.900185,0.168412,-0.048381,0.301859,-0.042419,-0.951179
6.086,True,-0.022474,0.898713,0.162937,0.020621,0.365706,-0.046413,-0.929344,True,0.042291,0.900211,0.168252,-0.048285,0.301895,-0.042357,-0.951175
6.098,True,-0.022508,0.898703,0.163053,0.020960,0.365748,-0.046549,-0.929313,True,0.042257,0.900219,0.168370,-0.048272,0.301909,-0.042505,-0.951165
6.109,True,-0.022535,0.898693,0.163120,0.021020,0.365810,-0.046820,-0.929274,True,0.042228,0.900241,0.168442,-0.048375,0.301469,-0.042729,-0.951289
6.120,True,-0.022501,0.898737,0.163026,0.021062,0.365921,-0.047092,-0.929215,True,0.042260,0.900318,0.168363,-0.048319,0.301562,-0.043006,-0.951250
6.131,True,-0.022554,0.898733,0.163103,0.023372,0.361434,-0.046673,-0.930935,True,0.042206,0.900334,0.168449,-0.048266,0.301627,-0.043183,-0.951224
6.142,True,-0.022595,0.898727,0.163163,0.024240,0.360118,-0.046477,-0.931433,True,0.042163,0.900323,0.168529,-0.047648,0.293524,-0.042254,-0.953828
6.153,True,-0.022596,0.898740,0.163034,0.024743,0.359580,-0.046406,-0.931631,True,0.042159,0.900336,0.168432,-0.047436,0.292262,-0.042125,-0.954232
6.164,True,-0.022631,0.898758,0.163066,0.025176,0.330845,-0.043117,-0.942363,True,0.042124,0.900336,0.168478,-0.047182,0.289866,-0.041726,-0.954993
6.176,True,-0.022651,0.898764,0.163119,0.025487,0.328486,-0.042795,-0.943195,True,0.042104,0.900334,0.168540,-0.044085,0.276000,-0.040017,-0.959312
6.187,True,-0.022586,0.898794,0.162904,0.025718,0.325817,-0.042468,-0.944128,True,0.042167,0.900363,0.168335,-0.044100,0.276066,-0.040007,-0.959293
6.198,True,-0.022631,0.898768,0.163031,0.012509,0.301532,-0.040385,-0.952518,True,0.042123,0.900333,0.168466,-0.043960,0.276089,-0.040014,-0.959292
6.209,True,-0.022646,0.898739,0.163063,0.012496,0.301560,-0.040428,-0.952508,True,0.042107,0.900311,0.168503,-0.041319,0.264469,-0.038661,-0.962733
6.220,True,-0.022610,0.898733,0.162891,0.012486,0.301651,-0.040410,-0.952480,True,0.042142,0.900302,0.168344,-0.041329,0.264562,-0.038648,-0.962707
6.231,True,-0.022604,0.898701,0.162908,0.004217,0.288630,-0.039347,-0.956623,True,0.042145,0.900280,0.168386,-0.041443,0.264712,-0.038694,-0.962659
6.242,True,-0.022640,0.898667,0.162923,0.004080,0.288631,-0.039187,-0.956630,True,0.042110,0.900228,0.168404,-0.038450,0.256422,-0.037488,-0.965072
6.253,True,-0.022610,0.898658,0.162799,0.003955,0.288740,-0.039078,-0.956602,True,0.042138,0.900209,0.168295,-0.038568,0.256529,-0.037388,-0.965043
6.264,True,-0.022621,0.898654,0.162839,0.000196,0.280538,-0.038174,-0.959084,True,0.042128,0.900186,0.168341,-0.038606,0.256561,-0.037228,-0.965039
6.275,True,-0.022607,0.898641,0.162875,0.000033,0.280545,-0.038271,-0.959078,True,0.042141,0.900189,0.168383,-0.037043,0.248727,-0.036393,-0.967181
6.287,True,-0.022575,0.898684,0.162756,0.000090,0.280528,-0.038191,-0.959086,True,0.042173,0.900220,0.168263,-0.036973,0.248698,-0.036308,-0.967194
6.297,True,-0.022576,0.898670,0.162805,-0.005766,0.275924,-0.037903,-0.960415,True,0.042172,0.900200,0.168316,-0.036908,0.248676,-0.036264,-0.967204
6.309,True,-0.022577,0.898671,0.162865,-0.005745,0.275857,-0.037850,-0.960436,True,0.042172,0.900194,0.168370,-0.035551,0.242776,-0.035508,-0.968780
6.320,True,-0.022535,0.898710,0.162767,-0.005651,0.275823,-0.037778,-0.960449,True,0.042214,0.900222,0.168269,-0.035441,0.242725,-0.035429,-0.968800
6.331,True,-0.022520,0.898736,0.162831,-0.006581,0.272244,-0.037363,-0.961480,True,0.042230,0.900239,0.168326,-0.035461,0.242647,-0.035358,-0.968821
6.342,True,-0.022511,0.898750,0.162903,-0.006611,0.272134,-0.037282,-0.961514,True,0.042240,0.900244,0.168387,-0.034220,0.237770,-0.034695,-0.970098
6.353,True,-0.022426,0.898743,0.162812,-0.006547,0.272061,-0.037208,-0.961538,True,0.042326,0.900225,0.168289,-0.034143,0.237687,-0.034614,-0.970124
6.364,True,-0.022409,0.898732,0.162881,-0.007571,0.269234,-0.036863,-0.962339,True,0.042343,0.900208,0.168348,-0.034260,0.237565,-0.034530,-0.970153
6.375,True,-0.022384,0.898740,0.162874,-0.007752,0.269173,-0.036673,-0.962362,True,0.042370,0.900195,0.168335,-0.033230,0.232880,-0.033782,-0.971350
6.386,True,-0.022341,0.898713,0.162894,-0.007967,0.269151,-0.036421,-0.962376,True,0.042413,0.900142,0.168353,-0.033436,0.232847,-0.033535,-0.971360
6.398,True,-0.022313,0.898680,0.162957,-0.010723,0.266564,-0.036039,-0.963084,True,0.042442,0.900084,0.168416,-0.033531,0.232800,-0.033320,-0.971375
6.409,True,-0.022265,0.898678,0.163030,-0.010792,0.266562,-0.035584,-0.963100,True,0.042492,0.900025,0.168491,-0.033598,0.232800,-0.032865,-0.971388
6.420,True,-0.022239,0.898670,0.162966,-0.010880,0.266387,-0.035407,-0.963154,True,0.042520,0.899997,0.168405,-0.032343,0.228742,-0.032204,-0.972417
6.431,True,-0.022197,0.898660,0.163047,-0.013015,0.264522,-0.035030,-0.963655,True,0.042562,0.899954,0.168487,-0.032367,0.228700,-0.031936,-0.972435
6.442,True,-0.022172,0.898618,0.163139,-0.012953,0.264470,-0.034784,-0.963679,True,0.042589,0.899880,0.168575,-0.032295,0.228637,-0.031685,-0.972460
6.453,True,-0.022131,0.898649,0.163049,-0.013045,0.264443,-0.034599,-0.963692,True,0.042629,0.899889,0.168483,-0.031570,0.225227,-0.031095,-0.973298
6.466,True,-0.022103,0.898616,0.163145,-0.014303,0.263188,-0.034351,-0.964027,True,0.042659,0.899833,0.168569,-0.031533,0.225092,-0.030911,-0.973336
6.475,True,-0.022086,0.898588,0.163243,-0.014402,0.263081,-0.034187,-0.964060,True,0.042677,0.899786,0.168655,-0.031611,0.222273,-0.030451,-0.973996
6.486,True,-0.022010,0.898575,0.163173,-0.014485,0.263112,-0.034017,-0.964057,True,0.042753,0.899753,0.168593,-0.031662,0.222277,-0.030280,-0.973999
6.497,True,-0.021979,0.898555,0.163273,-0.016207,0.259635,-0.033448,-0.964991,True,0.042785,0.899701,0.168686,-0.031735,0.222193,-0.030013,-0.974024
6.509,True,-0.021941,0.898539,0.163382,-0.016377,0.259281,-0.033147,-0.965094,True,0.042825,0.899651,0.168776,-0.031798,0.222031,-0.029728,-0.974068
6.520,True,-0.021842,0.898540,0.163330,-0.016422,0.258893,-0.032848,-0.965208,True,0.042927,0.899615,0.168702,-0.031681,0.210036,-0.028145,-0.976775
6.531,True,-0.021786,0.898524,0.163453,-0.014817,0.234855,-0.029993,-0.971455,True,0.042986,0.899574,0.168786,-0.031652,0.207680,-0.027722,-0.977291
6.542,True,-0.021695,0.898520,0.163487,-0.014754,0.233082,-0.029726,-0.971891,True,0.043081,0.899556,0.168775,-0.031596,0.206181,-0.027478,-0.977618
6.553,True,-0.021616,0.898530,0.163553,-0.014696,0.229471,-0.029314,-0.972763,True,0.043164,0.899559,0.168794,-0.027046,0.153570,-0.021496,-0.987534
6.564,True,-0.021533,0.898555,0.163713,-0.018603,0.198844,-0.026129,-0.979506,True,0.043252,0.899576,0.168889,-0.026563,0.149320,-0.021007,-0.988209
6.575,True,-0.021494,0.898550,0.163827,-0.018341,0.195998,-0.026064,-0.980086,True,0.043295,0.899591,0.168959,-0.025762,0.144252,-0.020652,-0.988990
6.586,True,-0.021407,0.898623,0.163780,-0.018260,0.189622,-0.025748,-0.981350,True,0.043385,0.899702,0.168859,-0.025635,0.120502,-0.018380,-0.992212
6.598,True,-0.021358,0.898668,0.163887,-0.012914,0.172649,-0.024283,-0.984599,True,0.043437,0.899813,0.168919,-0.025035,0.120122,-0.018909,-0.992263
6.609,True,-0.021290,0.898714,0.163860,-0.012335,0.172200,-0.024864,-0.984671,True,0.043508,0.899928,0.168834,-0.024425,0.119663,-0.019452,-0.992324
6.620,True,-0.021224,0.898775,0.163902,-0.011576,0.171740,-0.025551,-0.984743,True,0.043577,0.900069,0.168818,-0.023078,0.107018,-0.018694,-0.993813
6.631,True,-0.021184,0.898856,0.163984,-0.013845,0.163939,-0.025322,-0.986048,True,0.043619,0.900209,0.168852,-0.022499,0.106626,-0.019154,-0.993860
6.642,True,-0.021145,0.898903,0.164080,-0.013201,0.163561,-0.025787,-0.986108,True,0.043661,0.900309,0.168901,-0.021827,0.106240,-0.019577,-0.993908
6.653,True,-0.021071,0.898955,0.163978,-0.012614,0.163298,-0.026451,-0.986142,True,0.043735,0.900440,0.168766,-0.023992,0.097986,-0.019392,-0.994710
6.664,True,-0.021034,0.898977,0.164014,-0.014493,0.158083,-0.026450,-0.986965,True,0.043773,0.900520,0.168769,-0.023515,0.097697,-0.019835,-0.994741
6.675,True,-0.020971,0.898997,0.163922,-0.014045,0.157889,-0.026787,-0.986994,True,0.043837,0.900579,0.168652,-0.023046,0.097496,-0.020142,-0.994765
6.686,True,-0.020931,0.899006,0.163919,-0.013720,0.157752,-0.027063,-0.987013,True,0.043878,0.900620,0.168633,-0.022883,0.091925,-0.019771,-0.995307
6.697,True,-0.020892,0.899016,0.163900,-0.015200,0.154389,-0.026751,-0.987531,True,0.043917,0.900632,0.168613,-0.022776,0.091888,-0.019778,-0.995312
6.709,True,-0.020863,0.899024,0.163776,-0.015193,0.154418,-0.026502,-0.987533,True,0.043947,0.900607,0.168494,-0.022786,0.091910,-0.019528,-0.995315
6.720,True,-0.020865,0.899018,0.163732,-0.015239,0.154406,-0.025988,-0.987548,True,0.043946,0.900535,0.168448,-0.024154,0.087901,-0.018601,-0.995663
6.731,True,-0.020829,0.898997,0.163697,-0.016647,0.151790,-0.025404,-0.987946,True,0.043982,0.900474,0.168421,-0.024344,0.087937,-0.018289,-0.995661
6.742,True,-0.020807,0.898970,0.163569,-0.016739,0.151703,-0.024952,-0.987969,True,0.044006,0.900390,0.168281,-0.024464,0.087840,-0.017842,-0.995674
6.753,True,-0.020787,0.898958,0.163529,-0.016888,0.151617,-0.024589,-0.987989,True,0.044029,0.900333,0.168230,-0.024107,0.084773,-0.017123,-0.995962
6.764,True,-0.020772,0.898928,0.163509,-0.019748,0.148774,-0.024139,-0.988379,True,0.044045,0.900272,0.168196,-0.024142,0.084630,-0.016880,-0.995977
6.775,True,-0.020743,0.898927,0.163397,-0.019868,0.148743,-0.024022,-0.988384,True,0.044075,0.900257,0.168081,-0.024269,0.084586,-0.016769,-0.995979
6.786,True,-0.020758,0.898877,0.163383,-0.019847,0.148570,-0.024085,-0.988409,True,0.044061,0.900216,0.168045,-0.025720,0.082070,-0.016613,-0.996156
6.798,True,-0.020744,0.898862,0.163387,-0.021315,0.147636,-0.024192,-0.988516,True,0.044075,0.900222,0.168046,-0.025750,0.082003,-0.016770,-0.996158
6.808,True,-0.020703,0.898861,0.163300,-0.021338,0.147495,-0.024290,-0.988534,True,0.044116,0.900234,0.167941,-0.025764,0.081855,-0.016867,-0.996168
6.820,True,-0.020685,0.898839,0.163306,-0.021241,0.147291,-0.024332,-0.988566,True,0.044136,0.900217,0.167923,-0.025942,0.080534,-0.016782,-0.996273
6.831,True,-0.020697,0.898816,0.163373,-0.021202,0.146902,-0.024415,-0.988622,True,0.044127,0.900206,0.167940,-0.025893,0.080132,-0.016859,-0.996305
6.842,True,-0.020674,0.898809,0.163323,-0.022671,0.145188,-0.024374,-0.988844,True,0.044151,0.900209,0.167877,-0.025790,0.080012,-0.016938,-0.996316
6.853,True,-0.020661,0.898805,0.163299,-0.022591,0.145051,-0.024385,-0.988866,True,0.044165,0.900206,0.167837,-0.026034,0.078399,-0.016783,-0.996441
6.864,True,-0.020659,0.898860,0.163504,-0.022109,0.143523,-0.024159,-0.989105,True,0.044173,0.900245,0.167956,-0.025751,0.077724,-0.016641,-0.996503
6.875,True,-0.020629,0.898861,0.163641,-0.021831,0.142920,-0.024464,-0.989191,True,0.044208,0.900284,0.168016,-0.025448,0.077111,-0.016923,-0.996554
6.886,True,-0.020594,0.898939,0.163646,-0.021587,0.142370,-0.024675,-0.989271,True,0.044247,0.900389,0.167952,-0.025279,0.075225,-0.016962,-0.996702
6.897,True,-0.020574,0.899016,0.163831,-0.021208,0.141651,-0.024958,-0.989375,True,0.044272,0.900500,0.168044,-0.024876,0.074493,-0.017213,-0.996763
6.911,True,-0.020550,0.899082,0.163872,-0.021813,0.139918,-0.025280,-0.989600,True,0.044300,0.900620,0.168005,-0.023691,0.072877,-0.017464,-0.996907
6.920,True,-0.020533,0.899140,0.163981,-0.021506,0.139289,-0.025787,-0.989682,True,0.044321,0.900742,0.168034,-0.023344,0.072237,-0.017947,-0.996953
6.931,True,-0.020500,0.899219,0.164072,-0.020863,0.139081,-0.026089,-0.989718,True,0.044354,0.900855,0.168099,-0.022679,0.072023,-0.018202,-0.996979
6.942,True,-0.020522,0.899326,0.164253,-0.021000,0.137762,-0.026289,-0.989894,True,0.044339,0.900988,0.168162,-0.022103,0.071101,-0.018387,-0.997055
6.953,True,-0.020526,0.899365,0.164359,-0.021106,0.136975,-0.027314,-0.989973,True,0.044338,0.901162,0.168170,-0.022612,0.069410,-0.019322,-0.997145
6.964,True,-0.020514,0.899345,0.164496,-0.020714,0.136563,-0.028182,-0.990014,True,0.044349,0.901252,0.168256,-0.022157,0.068989,-0.020159,-0.997168
6.975,True,-0.020550,0.899323,0.164629,-0.021970,0.135775,-0.029125,-0.990068,True,0.044314,0.901350,0.168324,-0.021929,0.068435,-0.021073,-0.997192
6.986,True,-0.020488,0.899365,0.164630,-0.021881,0.135617,-0.029620,-0.990077,True,0.044374,0.901456,0.168307,-0.022216,0.068425,-0.021591,-0.997175
6.997,True,-0.020494,0.899391,0.164764,-0.021697,0.135494,-0.029915,-0.990089,True,0.044368,0.901519,0.168426,-0.022011,0.068294,-0.021871,-0.997183
7.009,True,-0.020576,0.899444,0.164906,-0.022178,0.135992,-0.030137,-0.990003,True,0.044287,0.901584,0.168547,-0.021656,0.068100,-0.021961,-0.997202
7.020,True,-0.020593,0.899479,0.164884,-0.021859,0.135958,-0.030411,-0.990007,True,0.044269,0.901651,0.168522,-0.022304,0.067025,-0.022115,-0.997257
7.031,True,-0.020645,0.899499,0.165059,-0.020883,0.135633,-0.031199,-0.990048,True,0.044216,0.901764,0.168658,-0.021272,0.066701,-0.022833,-0.997285
7.042,True,-0.020601,0.899655,0.165239,-0.021857,0.134947,-0.030958,-0.990128,True,0.044265,0.901879,0.168771,-0.020588,0.066166,-0.022511,-0.997342
7.053,True,-0.020473,0.899947,0.165342,-0.020563,0.133960,-0.030794,-0.990295,True,0.044401,0.902139,0.168744,-0.019839,0.064912,-0.022239,-0.997446
7.064,True,-0.020499,0.900217,0.165607,-0.019532,0.132378,-0.030707,-0.990531,True,0.044386,0.902389,0.168802,-0.018799,0.063319,-0.022077,-0.997572
7.075,True,-0.020504,0.900432,0.165806,-0.018573,0.131782,-0.031366,-0.990608,True,0.044380,0.902672,0.168965,-0.016905,0.063021,-0.022617,-0.997613
7.086,True,-0.020390,0.900890,0.165899,-0.016639,0.131851,-0.030798,-0.990651,True,0.044498,0.903035,0.169067,-0.016521,0.064073,-0.022081,-0.997564
7.097,True,-0.020476,0.901218,0.166162,-0.014755,0.130307,-0.031081,-0.990877,True,0.044420,0.903383,0.169128,-0.014809,0.062673,-0.022255,-0.997676
7.109,True,-0.020550,0.901477,0.166247,-0.015871,0.132204,-0.032633,-0.990558,True,0.044341,0.903780,0.169217,-0.013204,0.062927,-0.023393,-0.997657
7.120,True,-0.020602,0.901727,0.166196,-0.014547,0.132743,-0.034058,-0.990458,True,0.044280,0.904192,0.169218,-0.019324,0.064041,-0.024974,-0.997448
7.131,True,-0.020678,0.901979,0.166403,-0.027113,0.135003,-0.035785,-0.989828,True,0.044202,0.904564,0.169392,-0.019323,0.064042,-0.025981,-0.997422
7.142,True,-0.020491,0.902162,0.166517,-0.027058,0.134785,-0.037388,-0.989800,True,0.044384,0.904932,0.169444,-0.018959,0.063739,-0.027477,-0.997408
