Timestamp,PositionX,PositionY,PositionZ
0.038848,4.990000,0.978000,4.450000
0.072685,4.990000,0.978000,4.450000
0.115299,4.990000,0.978000,4.450000
0.159418,4.990000,0.978000,4.450000
0.192853,4.990000,0.978000,4.450000
0.237292,4.990000,0.978000,4.450000
0.281620,4.990000,0.978000,4.450000
0.314974,4.990000,0.978000,4.450000
0.348423,4.990000,0.978000,4.450000
0.392776,4.990000,0.978000,4.450000
0.427350,4.990000,0.978000,4.450000
0.471338,4.990000,0.978000,4.450000
0.515611,4.990000,0.978000,4.450000
0.548983,4.990000,0.978000,4.450000
0.583132,4.990000,0.978000,4.450000
0.626772,4.990000,0.978000,4.450000
0.676997,4.990000,0.978000,4.450000
0.710646,4.990000,0.978000,4.450000
0.754766,4.990000,0.978000,4.450000
0.788397,4.990000,0.978000,4.450000
0.822124,4.990000,0.978000,4.450000
0.865984,4.990000,0.978000,4.450000
0.910391,4.990000,0.978000,4.450000
0.954793,4.990000,0.978000,4.450000
0.999146,4.990000,0.978000,4.450000
1.032553,4.990000,0.978000,4.450000
1.065906,4.990000,0.978000,4.450000
1.110341,4.990000,0.978000,4.450000
1.143684,4.990000,0.978000,4.450000
1.177128,4.990000,0.978000,4.450000
1.221426,4.990000,0.978000,4.450000
1.254914,4.990000,0.978000,4.450000
1.288309,4.990000,0.978000,4.450000
1.321718,4.990000,0.978000,4.450000
1.366043,4.990000,0.978000,4.450000
1.410334,4.990000,0.978000,4.450000
1.443714,4.990000,0.978000,4.450000
1.492714,4.990000,0.978000,4.450000
1.537136,4.990000,0.978000,4.450000
1.581717,4.990000,0.978000,4.450000
1.626091,4.990000,0.978000,4.450000
1.659461,4.990000,0.978000,4.450000
1.703758,4.990000,0.978000,4.450000
1.737281,4.990000,0.978000,4.450000
1.781545,4.990000,0.978000,4.450000
1.814942,4.990000,0.978000,4.450000
1.848405,4.990000,0.978000,4.450000
1.892932,4.990000,0.978000,4.450000
1.937158,4.990000,0.978000,4.450000
1.970527,4.990000,0.978000,4.450000
2.003939,4.990000,0.978000,4.450000
2.048352,4.990000,0.978000,4.450000
2.092721,4.990000,0.978000,4.450000
2.126170,4.990000,0.978000,4.450000
2.170453,4.990000,0.978000,4.450000
2.203945,4.990000,0.978000,4.450000
2.248267,4.990000,0.978000,4.450000
2.292662,4.990000,0.978000,4.450000
2.326250,4.990000,0.978000,4.450000
2.370471,4.990000,0.978000,4.450000
2.403810,4.990000,0.978000,4.450000
2.437200,4.990000,0.978000,4.450000
2.470551,4.990000,0.978000,4.450000
2.515036,4.990000,0.978000,4.450000
2.559600,4.990000,0.978000,4.450000
2.603776,4.990000,0.978000,4.450000
2.637205,4.990000,0.978000,4.450000
2.670557,4.990000,0.978000,4.450000
2.703901,4.990000,0.978000,4.450000
2.737248,4.990000,0.978000,4.450000
2.770604,4.990000,0.978000,4.450000
2.814967,4.990000,0.978000,4.450000
2.848331,4.990000,0.978000,4.450000
2.900546,4.990000,0.978000,4.450000
2.937337,4.990000,0.978000,4.450000
2.981736,4.990000,0.978000,4.450000
3.026112,4.990000,0.978000,4.450000
3.059477,4.990000,0.978000,4.450000
3.092833,4.990000,0.978000,4.450000
3.126285,4.990000,0.978000,4.450000
3.170599,4.990000,0.978000,4.450000
3.215071,4.990000,0.978000,4.450000
3.248447,4.990000,0.978000,4.450000
3.281946,4.990000,0.978000,4.450000
3.326168,4.990000,0.978000,4.450000
3.370568,4.990000,0.978000,4.450000
3.415026,4.990000,0.978000,4.450000
3.448506,4.990000,0.978000,4.450000
3.492834,4.990000,0.978000,4.450000
3.526232,4.990000,0.978000,4.450000
3.570686,4.990000,0.978000,4.450000
3.604119,4.990000,0.978000,4.450000
3.648493,4.990000,0.978000,4.450000
3.681846,4.990000,0.978000,4.450000
3.726156,4.990000,0.978000,4.450000
3.770657,4.990000,0.978000,4.450000
3.804120,4.990000,0.978000,4.450000
3.837454,4.990000,0.978000,4.450000
3.881754,4.990000,0.978000,4.450000
3.915129,4.990000,0.978000,4.450000
3.948528,4.990000,0.978000,4.450000
3.992783,4.990000,0.978000,4.450000
4.026308,4.990000,0.978000,4.450000
4.070753,4.990000,0.978000,4.450000
4.115132,4.990000,0.978000,4.450000
4.159427,4.990000,0.978000,4.450000
4.192876,4.990000,0.978000,4.450000
4.226238,4.990000,0.978000,4.450000
4.270822,4.990000,0.978000,4.450000
4.315118,4.990000,0.978000,4.450000
4.348570,4.990000,0.978000,4.450000
4.392828,4.990000,0.978000,4.450000
4.426339,4.990000,0.978000,4.450000
4.470716,4.990000,0.978000,4.450000
4.504200,4.990000,0.978000,4.450000
4.548473,4.990000,0.978000,4.450000
4.592811,4.990000,0.978000,4.450000
4.637368,4.990000,0.978000,4.450000
4.681705,4.990000,0.978000,4.450000
4.726197,4.990000,0.978000,4.450000
4.759552,4.990000,0.978000,4.450000
4.792937,4.990000,0.978000,4.450000
4.837368,4.990000,0.978000,4.450000
4.881623,4.990000,0.978000,4.450000
4.915214,4.990000,0.978000,4.450000
4.953978,4.990000,0.978000,4.450000
4.987378,4.990000,0.978000,4.450000
5.031565,4.990000,0.978000,4.450000
5.065156,4.990000,0.978000,4.450000
5.109420,4.990000,0.978000,4.450000
5.142918,4.990000,0.978000,4.450000
5.187284,4.990000,0.978000,4.450000
5.220681,4.990000,0.978000,4.450000
5.264978,4.990000,0.978000,4.450000
5.298378,4.990000,0.978000,4.450000
5.342793,4.990000,0.978000,4.450000
5.376136,4.990000,0.978000,4.450000
5.409541,4.990000,0.978000,4.450000
5.453854,4.990000,0.978000,4.450000
5.487241,4.990000,0.978000,4.450000
5.520645,4.990000,0.978000,4.450000
5.565137,4.990000,0.978000,4.450000
5.598489,4.990000,0.978000,4.450000
5.642845,4.990000,0.978000,4.450000
5.687346,4.990000,0.978000,4.450000
5.731615,4.990000,0.978000,4.450000
5.776050,4.990000,0.978000,4.450000
5.809457,4.990000,0.978000,4.450000
5.853830,4.990000,0.978000,4.450000
5.887259,4.990000,0.978000,4.450000
5.931606,4.990000,0.978000,4.450000
5.965015,4.990000,0.978000,4.450000
5.998363,4.990000,0.978000,4.450000
6.042798,4.990000,0.978000,4.450000
6.076161,4.990000,0.978000,4.450000
6.120545,4.990000,0.978000,4.450000
6.153936,4.990000,0.978000,4.450000
6.198245,4.990000,0.978000,4.450000
6.231586,4.990000,0.978000,4.450000
6.264984,4.990000,0.978000,4.450000
6.298386,4.990000,0.978000,4.450000
6.342762,4.990000,0.978000,4.450000
6.376119,4.990000,0.978000,4.450000
6.409465,4.990000,0.978000,4.450000
6.442889,4.990000,0.978000,4.450000
6.487381,4.990000,0.978000,4.450000
6.531730,4.990000,0.978000,4.450000
6.565080,4.990000,0.978000,4.450000
6.609540,4.990000,0.978000,4.450000
6.653997,4.990000,0.978000,4.450000
6.698385,4.990000,0.978000,4.450000
6.731766,4.990000,0.978000,4.450000
6.776177,4.990000,0.978000,4.450000
6.820613,4.990000,0.978000,4.450000
6.854081,4.990000,0.978000,4.450000
6.898364,4.990000,0.978000,4.450000
6.942693,4.990000,0.978000,4.450000
6.976157,4.990000,0.978000,4.450000
7.009491,4.990000,0.978000,4.450000
7.050234,4.990000,0.978000,4.450000
7.094575,4.990000,0.978000,4.450000
7.127959,4.990000,0.978000,4.450000
7.172298,4.990000,0.978000,4.450000
7.205646,4.990000,0.978000,4.450000
7.239119,4.990000,0.978000,4.450000
7.283252,4.990000,0.978000,4.450000
7.316754,4.990000,0.978000,4.450000
7.361194,4.990000,0.978000,4.450000
7.405701,4.990000,0.978000,4.450000
7.450040,4.990000,0.978000,4.450000
7.494750,4.990000,0.978000,4.450000
7.538948,4.990000,0.978000,4.450000
7.583335,4.990000,0.978000,4.450000
7.627816,4.990000,0.978000,4.450000
7.661223,4.990000,0.978000,4.450000
7.694586,4.990000,0.978000,4.450000
7.738954,4.990000,0.978000,4.450000
7.772294,4.990000,0.978000,4.450000
7.805801,4.990000,0.978000,4.450000
7.850114,4.990000,0.978000,4.450000
7.883461,4.990000,0.978000,4.450000
7.916810,4.990000,0.978000,4.450000
7.950153,4.990000,0.978000,4.450000
7.994487,4.990000,0.978000,4.450000
8.027851,4.990000,0.978000,4.450000
8.072313,4.990000,0.978000,4.450000
8.116745,4.990000,0.978000,4.450000
8.161146,4.990000,0.978000,4.450000
8.194653,4.990000,0.978000,4.450000
8.238867,4.990000,0.978000,4.450000
8.272480,4.990000,0.978000,4.450000
8.316717,4.990000,0.978000,4.450000
8.350185,4.990000,0.978000,4.450000
8.394485,4.990000,0.978000,4.450000
8.427868,4.990000,0.978000,4.450000
8.461304,4.990000,0.978000,4.450000
8.505640,4.990000,0.978000,4.450000
8.538990,4.990000,0.978000,4.450000
8.572376,4.990000,0.978000,4.450000
8.616777,4.990000,0.978000,4.450000
8.661152,4.990000,0.978000,4.450000
8.694553,4.990000,0.978000,4.450000
8.730053,4.990000,0.978000,4.450000
8.763428,4.990000,0.978000,4.450000
8.796793,4.990000,0.978000,4.450000
8.841215,4.990000,0.978000,4.450000
8.874557,4.990000,0.978000,4.450000
8.918949,4.990000,0.978000,4.450000
8.952511,4.990000,0.978000,4.450000
8.985981,4.990000,0.978000,4.450000
9.030098,4.990000,0.978000,4.450000
9.074488,4.990000,0.978000,4.450000
9.107893,4.990000,0.978000,4.450000
9.141228,4.990000,0.978000,4.450000
9.185680,4.990000,0.978000,4.450000
9.229965,4.990000,0.978000,4.450000
9.263329,4.990000,0.978000,4.450000
9.297182,4.990000,0.978000,4.450000
9.341259,4.990000,0.978000,4.450000
9.385679,4.990000,0.978000,4.450000
9.430044,4.990000,0.978000,4.450000
9.474527,4.990000,0.978000,4.450000
9.507915,4.990000,0.978000,4.450000
9.552416,4.990000,0.978000,4.450000
9.596817,4.990000,0.978000,4.450000
9.630152,4.990000,0.978000,4.450000
9.674620,4.990000,0.978000,4.450000
9.719376,4.990000,0.978000,4.450000
9.763414,4.990000,0.978000,4.450000
9.807898,4.990000,0.978000,4.450000
9.852764,4.990000,0.978000,4.450000
9.896582,4.990000,0.978000,4.450000
9.929968,4.990000,0.978000,4.450000
9.974405,4.990000,0.978000,4.450000
10.018940,4.990000,0.978000,4.450000
10.063250,4.990000,0.978000,4.450000
10.096670,4.990000,0.978000,4.450000
10.141290,4.990000,0.978000,4.450000
10.185430,4.990000,0.978000,4.450000
10.218820,4.990000,0.978000,4.450000
10.252630,4.990000,0.978000,4.450000
10.296680,4.990000,0.978000,4.450000
10.334600,4.990000,0.978000,4.450000
10.379110,4.990000,0.978000,4.450000
10.423610,4.990000,0.978000,4.450000
10.467740,4.990000,0.978000,4.450000
10.501140,4.990000,0.978000,4.450000
10.534540,4.990000,0.978000,4.450000
10.568020,4.990000,0.978000,4.450000
10.601450,4.990000,0.978000,4.450000
10.645700,4.990000,0.978000,4.450000
10.690110,4.990000,0.978000,4.450000
10.723460,4.990000,0.978000,4.450000
10.756820,4.990000,0.978000,4.450000
10.801420,4.990000,0.978000,4.450000
10.845610,4.990000,0.978000,4.450000
10.878980,4.990000,0.978000,4.450000
10.912370,4.990000,0.978000,4.450000
10.956840,4.990000,0.978000,4.450000
10.990250,4.990000,0.978000,4.450000
11.038380,4.990000,0.978000,4.450000
11.082830,4.990000,0.978000,4.450000
11.127120,4.990000,0.978000,4.450000
11.160490,4.990000,0.978000,4.450000
11.205010,4.990000,0.978000,4.450000
11.238420,4.990000,0.978000,4.450000
11.271820,4.990000,0.978000,4.450000
11.305210,4.990000,0.978000,4.450000
11.349530,4.990000,0.978000,4.450000
11.382960,4.990000,0.978000,4.450000
11.427380,4.990000,0.978000,4.450000
11.471630,4.990000,0.978000,4.450000
11.504980,4.990000,0.978000,4.450000
11.538320,4.990000,0.978000,4.450000
11.571730,4.990000,0.978000,4.450000
11.616140,4.990000,0.978000,4.450000
11.649510,4.990000,0.978000,4.450000
11.682900,4.990000,0.978000,4.450000
11.716240,4.990000,0.978000,4.450000
11.749640,4.990000,0.978000,4.450000
11.793890,4.990000,0.978000,4.450000
11.827240,4.990000,0.978000,4.450000
11.860670,4.990000,0.978000,4.450000
11.905040,4.990000,0.978000,4.450000
11.938480,4.990000,0.978000,4.450000
11.982770,4.990000,0.978000,4.450000
12.018930,4.990000,0.978000,4.450000
12.060620,4.990000,0.978000,4.450000
12.105080,4.990000,0.978000,4.450000
12.138420,4.990000,0.978000,4.450000
12.171790,4.990000,0.978000,4.450000
12.216050,4.990000,0.978000,4.450000
12.249520,4.990000,0.978000,4.450000
12.293930,4.990000,0.978000,4.450000
12.327450,4.990000,0.978000,4.450000
12.371750,4.990000,0.978000,4.450000
12.416330,4.990000,0.978000,4.450000
12.460640,4.990000,0.978000,4.450000
12.494040,4.990000,0.978000,4.450000
12.538440,4.990000,0.978000,4.450000
12.571780,4.990000,0.978000,4.450000
12.605140,4.990000,0.978000,4.450000
12.638570,4.990000,0.978000,4.450000
12.682920,4.990000,0.978000,4.450000
12.727270,4.990000,0.978000,4.450000
12.760690,4.990000,0.978000,4.450000
12.805120,4.990000,0.978000,4.450000
12.849440,4.990000,0.978000,4.450000
12.894080,4.990000,0.978000,4.450000
12.938510,4.990000,0.978000,4.450000
12.982840,4.990000,0.978000,4.450000
13.027250,4.990000,0.978000,4.450000
13.060700,4.990000,0.978000,4.450000
13.105130,4.990000,0.978000,4.450000
13.149540,4.990000,0.978000,4.450000
13.194000,4.990000,0.978000,4.450000
13.238430,4.990000,0.978000,4.450000
13.282750,4.990000,0.978000,4.450000
13.327180,4.990000,0.978000,4.450000
13.360540,4.990000,0.978000,4.450000
13.394000,4.990000,0.978000,4.450000
13.427360,4.990000,0.978000,4.450000
13.471660,4.990000,0.978000,4.450000
13.505130,4.990000,0.978000,4.450000
13.543570,4.990000,0.978000,4.450000
13.587850,4.990000,0.978000,4.450000
13.621190,4.990000,0.978000,4.450000
13.654570,4.990000,0.978000,4.450000
13.688050,4.990000,0.978000,4.450000
13.732530,4.990000,0.978000,4.450000
13.776730,4.990000,0.978000,4.450000
13.810130,4.990000,0.978000,4.450000
13.843480,4.990000,0.978000,4.450000
13.876850,4.990000,0.978000,4.450000
13.921340,4.990000,0.978000,4.450000
13.965730,4.990000,0.978000,4.450000
14.010100,4.990000,0.978000,4.450000
14.043580,4.990000,0.978000,4.450000
14.087930,4.990000,0.978000,4.450000
14.121280,4.990000,0.978000,4.450000
14.165650,4.990000,0.978000,4.450000
14.199020,4.990000,0.978000,4.450000
14.243520,4.990000,0.978000,4.450000
14.287950,4.990000,0.978000,4.450000
14.321320,4.990000,0.978000,4.450000
14.354730,4.990000,0.978000,4.450000
14.399100,4.990000,0.978000,4.450000
14.432480,4.990000,0.978000,4.450000
14.476770,4.990000,0.978000,4.450000
14.510360,4.990000,0.978000,4.450000
14.554710,4.990000,0.978000,4.450000
14.599220,4.990000,0.978000,4.450000
14.643480,4.990000,0.978000,4.450000
14.676820,4.990000,0.978000,4.450000
14.721250,4.990000,0.978000,4.450000
14.754680,4.990000,0.978000,4.450000
14.799000,4.990000,0.978000,4.450000
14.832340,4.990000,0.978000,4.450000
14.865700,4.990000,0.978000,4.450000
14.899050,4.990000,0.978000,4.450000
14.943440,4.990000,0.978000,4.450000
14.976860,4.990000,0.978000,4.450000
15.021270,4.990000,0.978000,4.450000
15.054740,4.990000,0.978000,4.450000
15.099150,4.990000,0.978000,4.450000
15.143530,4.990000,0.978000,4.450000
15.176890,4.990000,0.978000,4.450000
15.221160,4.990000,0.978000,4.450000
15.254630,4.990000,0.978000,4.450000
15.287960,4.990000,0.978000,4.450000
15.332380,4.990000,0.978000,4.450000
15.376910,4.990000,0.978000,4.450000
15.410270,4.990000,0.978000,4.450000
15.454620,4.990000,0.978000,4.450000
15.498990,4.990000,0.978000,4.450000
15.532360,4.990000,0.978000,4.450000
15.576830,4.990000,0.978000,4.450000
15.610260,4.990000,0.978000,4.450000
15.654580,4.990000,0.978000,4.450000
15.687980,4.990000,0.978000,4.450000
15.732290,4.990000,0.978000,4.450000
15.765750,4.990000,0.978000,4.450000
15.810110,4.990000,0.978000,4.450000
15.843510,4.990000,0.978000,4.450000
15.876840,4.990000,0.978000,4.450000
15.910180,4.990000,0.978000,4.450000
15.954500,4.990000,0.978000,4.450000
15.987950,4.990000,0.978000,4.450000
16.021380,4.990000,0.978000,4.450000
16.065710,4.990000,0.978000,4.450000
16.099110,4.990000,0.978000,4.450000
16.143630,4.990000,0.978000,4.450000
16.187880,4.990000,0.978000,4.450000
16.221280,4.990000,0.978000,4.450000
16.265680,4.990000,0.978000,4.450000
16.299050,4.990000,0.978000,4.450000
16.332410,4.990000,0.978000,4.450000
16.376900,4.990000,0.978000,4.450000
16.421380,4.990000,0.978000,4.450000
16.465630,4.990000,0.978000,4.450000
16.510200,4.990000,0.978000,4.450000
16.554610,4.990000,0.978000,4.450000
16.588020,4.990000,0.978000,4.450000
16.632280,4.990000,0.978000,4.450000
16.665700,4.990000,0.978000,4.450000
16.699240,4.990000,0.978000,4.450000
16.743590,4.990000,0.978000,4.450000
16.787840,4.990000,0.978000,4.450000
16.821410,4.990000,0.978000,4.450000
16.865680,4.990000,0.978000,4.450000
16.899060,4.990000,0.978000,4.450000
16.932480,4.990000,0.978000,4.450000
16.976900,4.990000,0.978000,4.450000
17.021420,4.990000,0.978000,4.450000
17.065600,4.990000,0.978000,4.450000
17.105790,4.990000,0.978000,4.450000
17.150250,4.990000,0.978000,4.450000
17.194860,4.990000,0.978000,4.450000
17.239140,4.990000,0.978000,4.450000
17.272500,4.990000,0.978000,4.450000
17.316750,4.990000,0.978000,4.450000
17.350150,4.990000,0.978000,4.450000
17.383590,4.990000,0.978000,4.450000
17.428060,4.990000,0.978000,4.450000
17.472520,4.990000,0.978000,4.450000
17.516820,4.990000,0.978000,4.450000
17.550300,4.990000,0.978000,4.450000
17.594680,4.990000,0.978000,4.450000
17.639090,4.990000,0.978000,4.450000
17.672500,4.990000,0.978000,4.450000
17.705840,4.990000,0.978000,4.450000
17.750160,4.990000,0.978000,4.450000
17.783550,4.990000,0.978000,4.450000
17.816940,4.990000,0.978000,4.450000
17.861310,4.990000,0.978000,4.450000
17.905810,4.990000,0.978000,4.450000
17.950130,4.990000,0.978000,4.450000
17.983620,4.990000,0.978000,4.450000
18.027930,4.990000,0.978000,4.450000
18.061300,4.990000,0.978000,4.450000
18.094640,4.990000,0.978000,4.450000
18.139130,4.990000,0.978000,4.450000
18.172650,4.990000,0.978000,4.450000
18.216900,4.990000,0.978000,4.450000
18.261340,4.990000,0.978000,4.450000
18.305810,4.990000,0.978000,4.450000
18.350140,4.990000,0.978000,4.450000
18.383590,4.990000,0.978000,4.450000
18.417010,4.990000,0.978000,4.450000
18.461390,4.990000,0.978000,4.450000
18.505710,4.990000,0.978000,4.450000
18.539130,4.990000,0.978000,4.450000
18.572470,4.990000,0.978000,4.450000
18.616910,4.990000,0.978000,4.450000
18.661210,4.990000,0.978000,4.450000
18.694630,4.990000,0.978000,4.450000
18.728210,4.990000,0.978000,4.450000
18.772410,4.990000,0.978000,4.450000
18.805970,4.990000,0.978000,4.450000
18.850140,4.990000,0.978000,4.450000
18.883590,4.990000,0.978000,4.450000
18.932660,4.990000,0.978000,4.450000
18.977000,4.990000,0.978000,4.450000
19.010460,4.990000,0.978000,4.450000
19.054770,4.990000,0.978000,4.450000
19.088100,4.990000,0.978000,4.450000
19.132620,4.990000,0.978000,4.450000
19.177010,4.990000,0.978000,4.450000
19.221410,4.990000,0.978000,4.450000
19.254780,4.990000,0.978000,4.450000
19.288120,4.990000,0.978000,4.450000
19.321460,4.990000,0.978000,4.450000
19.365830,4.990000,0.978000,4.450000
19.399240,4.990000,0.978000,4.450000
19.432620,4.990000,0.978000,4.450000
19.476960,4.990000,0.978000,4.450000
19.510390,4.990000,0.978000,4.450000
19.554730,4.990000,0.978000,4.450000
19.588090,4.990000,0.978000,4.450000
19.621460,4.990000,0.978000,4.450000
19.654800,4.990000,0.978000,4.450000
19.688190,4.990000,0.978000,4.450000
19.721530,4.990000,0.978000,4.450000
19.754890,4.990000,0.978000,4.450000
19.799310,4.990000,0.978000,4.450000
19.843670,4.990000,0.978000,4.450000
19.877030,4.990000,0.978000,4.450000
19.921520,4.990000,0.978000,4.450000
19.954960,4.990000,0.978000,4.450000
19.999360,4.990000,0.978000,4.450000
20.043750,4.990000,0.978000,4.450000
20.088050,4.990000,0.978000,4.450000
20.121470,4.990000,0.978000,4.450000
20.165780,4.990000,0.978000,4.450000
20.199130,4.990000,0.978000,4.450000
20.232700,4.990000,0.978000,4.450000
20.276900,4.990000,0.978000,4.450000
20.310300,4.990000,0.978000,4.450000
20.343780,4.990000,0.978000,4.450000
20.377180,4.990000,0.978000,4.450000
20.421550,4.990000,0.978000,4.450000
20.465960,4.990000,0.978000,4.450000
20.510480,4.990000,0.978000,4.450000
20.554840,4.990000,0.978000,4.450000
20.599240,4.990000,0.978000,4.450000
20.648300,4.990000,0.978000,4.450000
20.692780,4.990000,0.978000,4.450000
20.737300,4.990000,0.978000,4.450000
20.770710,4.990000,0.978000,4.450000
20.814910,4.990000,0.978000,4.450000
20.848370,4.990000,0.978000,4.450000
20.881710,4.990000,0.978000,4.450000
20.926100,4.990000,0.978000,4.450000
20.970530,4.990000,0.978000,4.450000
21.003860,4.990000,0.978000,4.450000
21.037260,4.990000,0.978000,4.450000
21.081640,4.990000,0.978000,4.450000
21.126060,4.990000,0.978000,4.450000
21.170640,4.990000,0.978000,4.450000
21.203990,4.990000,0.978000,4.450000
21.248400,4.990000,0.978000,4.450000
21.281880,4.990000,0.978000,4.450000
21.326480,4.990000,0.978000,4.450000
21.370610,4.990000,0.978000,4.450000
21.414970,4.990000,0.978000,4.450000
21.448430,4.990000,0.978000,4.450000
21.492850,4.990000,0.978000,4.450000
21.537190,4.990000,0.978000,4.450000
21.581690,4.990000,0.978000,4.450000
21.626080,4.990000,0.978000,4.450000
21.659470,4.990000,0.978000,4.450000
21.703920,4.990000,0.978000,4.450000
21.737250,4.990000,0.978000,4.450000
21.770650,4.990000,0.978000,4.450000
21.814960,4.990000,0.978000,4.450000
21.859460,4.990000,0.978000,4.450000
21.892800,4.990000,0.978000,4.450000
21.937320,4.990000,0.978000,4.450000
21.981740,4.990000,0.978000,4.450000
22.026140,4.990000,0.978000,4.450000
22.070600,4.990000,0.978000,4.450000
22.114940,4.990000,0.978000,4.450000
22.148310,4.990000,0.978000,4.450000
22.181650,4.990000,0.978000,4.450000
22.226050,4.990000,0.978000,4.450000
22.259390,4.990000,0.978000,4.450000
22.292840,4.990000,0.978000,4.450000
22.326250,4.990000,0.978000,4.450000
22.370590,4.990000,0.978000,4.450000
22.415000,4.990000,0.978000,4.450000
22.448350,4.990000,0.978000,4.450000
22.492850,4.990000,0.978000,4.450000
22.537240,4.990000,0.978000,4.450000
22.570630,4.990000,0.978000,4.450000
22.604100,4.990000,0.978000,4.450000
22.648280,4.990000,0.978000,4.450000
22.681660,4.990000,0.978000,4.450000
22.726190,4.990000,0.978000,4.450000
22.759540,4.990000,0.978000,4.450000
22.803900,4.990000,0.978000,4.450000
22.837270,4.990000,0.978000,4.450000
22.881650,4.990000,0.978000,4.450000
22.930020,4.990000,0.978000,4.450000
22.974610,4.990000,0.978000,4.450000
23.019050,4.990000,0.978000,4.450000
23.063300,4.990000,0.978000,4.450000
23.107870,4.990000,0.978000,4.450000
23.152540,4.990000,0.978000,4.450000
23.196560,4.990000,0.978000,4.450000
23.229980,4.990000,0.978000,4.450000
23.274360,4.990000,0.978000,4.450000
23.307880,4.990000,0.978000,4.450000
23.352120,4.990000,0.978000,4.450000
23.385980,4.990000,0.978000,4.450000
23.429980,4.990000,0.978000,4.450000
23.474430,4.990000,0.978000,4.450000
23.510740,4.990000,0.978000,4.450000
23.544130,4.990000,0.978000,4.450000
23.588510,4.990000,0.978000,4.450000
23.621890,4.990000,0.978000,4.450000
23.666250,4.990000,0.978000,4.450000
23.699620,4.990000,0.978000,4.450000
23.732960,4.990000,0.978000,4.450000
23.777470,4.990000,0.978000,4.450000
23.821820,4.990000,0.978000,4.450000
23.855360,4.990000,0.978000,4.450000
23.899520,4.990000,0.978000,4.450000
23.932910,4.990000,0.978000,4.450000
23.977410,4.990000,0.978000,4.450000
24.010850,4.990000,0.978000,4.450000
24.055190,4.990000,0.978000,4.450000
24.099650,4.990000,0.978000,4.450000
24.133010,4.990000,0.978000,4.450000
24.166380,4.990000,0.978000,4.450000
24.210770,4.990000,0.978000,4.450000
24.244140,4.990000,0.978000,4.450000
24.288460,4.990000,0.978000,4.450000
24.321950,4.990000,0.978000,4.450000
24.366210,4.990000,0.978000,4.450000
24.399600,4.990000,0.978000,4.450000
24.433040,4.990000,0.978000,4.450000
24.477590,4.990000,0.978000,4.450000
24.522010,4.990000,0.978000,4.450000
24.566320,4.990000,0.978000,4.450000
24.599690,4.990000,0.978000,4.450000
24.644060,4.990000,0.978000,4.450000
24.688450,4.990000,0.978000,4.450000
24.721930,4.990000,0.978000,4.450000
24.755300,4.990000,0.978000,4.450000
24.799750,4.990000,0.978000,4.450000
24.844130,4.990000,0.978000,4.450000
24.888540,4.990000,0.978000,4.450000
24.922060,4.990000,0.978000,4.450000
24.966230,4.990000,0.978000,4.450000
24.999630,4.990000,0.978000,4.450000
25.033130,4.990000,0.978000,4.450000
25.077500,4.990000,0.978000,4.450000
25.121910,4.990000,0.978000,4.450000
25.155310,4.990000,0.978000,4.450000
25.199550,4.990000,0.978000,4.450000
25.232900,4.990000,0.978000,4.450000
25.266400,4.990000,0.978000,4.450000
25.310790,4.990000,0.978000,4.450000
25.355310,4.990000,0.978000,4.450000
25.388710,4.990000,0.978000,4.450000
25.433040,4.990000,0.978000,4.450000
25.477390,4.990000,0.978000,4.450000
25.510760,4.990000,0.978000,4.450000
25.555250,4.990000,0.978000,4.450000
25.599510,4.990000,0.978000,4.450000
25.633090,4.990000,0.978000,4.450000
25.677460,4.990000,0.978000,4.450000
25.722040,4.990000,0.978000,4.450000
25.766460,4.990000,0.978000,4.450000
25.810770,4.990000,0.978000,4.450000
25.855310,4.990000,0.978000,4.450000
25.899720,4.990000,0.978000,4.450000
25.944130,4.990000,0.978000,4.450000
25.977490,4.990000,0.978000,4.450000
26.010870,4.990000,0.978000,4.450000
26.055240,4.990000,0.978000,4.450000
26.099630,4.990000,0.978000,4.450000
26.133080,4.990000,0.978000,4.450000
26.177430,4.990000,0.978000,4.450000
26.221860,4.990000,0.978000,4.450000
26.266310,4.990000,0.978000,4.450000
26.299660,4.990000,0.978000,4.450000
26.338870,4.990000,0.978000,4.450000
26.383380,4.990000,0.978000,4.450000
26.427840,4.990000,0.978000,4.450000
26.472150,4.990000,0.978000,4.450000
26.516580,4.990000,0.978000,4.450000
26.561040,4.990000,0.978000,4.450000
26.605540,4.990000,0.978000,4.450000
26.649920,4.990000,0.978000,4.450000
26.694380,4.990000,0.978000,4.450000
26.738790,4.990000,0.978000,4.450000
26.772350,4.990000,0.978000,4.450000
26.816550,4.990000,0.978000,4.450000
26.850070,4.990000,0.978000,4.450000
26.894370,4.990000,0.978000,4.450000
26.938740,4.990000,0.978000,4.450000
26.972080,4.990000,0.978000,4.450000
27.005490,4.990000,0.978000,4.450000
27.038850,4.990000,0.978000,4.450000
27.072230,4.990000,0.978000,4.450000
27.116580,4.990000,0.978000,4.450000
27.161160,4.990000,0.978000,4.450000
27.205410,4.990000,0.978000,4.450000
27.238780,4.990000,0.978000,4.450000
27.272250,4.990000,0.978000,4.450000
27.316630,4.990000,0.978000,4.450000
27.361090,4.990000,0.978000,4.450000
27.405410,4.990000,0.978000,4.450000
27.438820,4.990000,0.978000,4.450000
27.483200,4.990000,0.978000,4.450000
27.519680,4.990000,0.978000,4.450000
27.561110,4.990000,0.978000,4.450000
27.605510,4.990000,0.978000,4.450000
27.638850,4.990000,0.978000,4.450000
27.672200,4.990000,0.978000,4.450000
27.709790,4.990000,0.978000,4.450000
27.743240,4.990000,0.978000,4.450000
27.787530,4.990000,0.978000,4.450000
27.820930,4.990000,0.978000,4.450000
27.854300,4.990000,0.978000,4.450000
27.887660,4.990000,0.978000,4.450000
27.932030,4.990000,0.978000,4.450000
27.976360,4.990000,0.978000,4.450000
28.009700,4.990000,0.978000,4.450000
28.043170,4.990000,0.978000,4.450000
28.087530,4.990000,0.978000,4.450000
28.120960,4.990000,0.978000,4.450000
28.165330,4.990000,0.978000,4.450000
28.198670,4.990000,0.978000,4.450000
28.232000,4.990000,0.978000,4.450000
28.265420,4.990000,0.978000,4.450000
28.309800,4.990000,0.978000,4.450000
28.343140,4.990000,0.978000,4.450000
28.376550,4.990000,0.978000,4.450000
28.420830,4.990000,0.978000,4.450000
28.454350,4.990000,0.978000,4.450000
28.498790,4.990000,0.978000,4.450000
28.543240,4.990000,0.978000,4.450000
28.587650,4.990000,0.978000,4.450000
28.631900,4.990000,0.978000,4.450000
28.665320,4.990000,0.978000,4.450000
28.709900,4.990000,0.978000,4.450000
28.754350,4.990000,0.978000,4.450000
28.798690,4.990000,0.978000,4.450000
28.843140,4.990000,0.978000,4.450000
28.876530,4.990000,0.978000,4.450000
28.920930,4.990000,0.978000,4.450000
28.954370,4.990000,0.978000,4.450000
28.998630,4.990000,0.978000,4.450000
29.032010,4.990000,0.978000,4.450000
29.076480,4.990000,0.978000,4.450000
29.109820,4.990000,0.978000,4.450000
29.143210,4.990000,0.978000,4.450000
29.187630,4.990000,0.978000,4.450000
29.231950,4.990000,0.978000,4.450000
29.265380,4.990000,0.978000,4.450000
29.298750,4.990000,0.978000,4.450000
29.343060,4.990000,0.978000,4.450000
29.376490,4.990000,0.978000,4.450000
29.420850,4.990000,0.978000,4.450000
29.454370,4.990000,0.978000,4.450000
29.498710,4.990000,0.978000,4.450000
29.543260,4.990000,0.978000,4.450000
29.587510,4.990000,0.978000,4.450000
29.625040,4.990000,0.978000,4.450000
29.658380,4.990000,0.978000,4.450000
29.691740,4.990000,0.978000,4.450000
29.725090,4.990000,0.978000,4.450000
29.769720,4.990000,0.978000,4.450000
29.813920,4.990000,0.978000,4.450000
29.847270,4.990000,0.978000,4.450000
29.891800,4.990000,0.978000,4.450000
29.936080,4.990000,0.978000,4.450000
29.969460,4.990000,0.978000,4.450000
30.002920,4.990000,0.978000,4.450000
30.047360,4.990000,0.978000,4.450000
30.091700,4.990000,0.978000,4.450000
30.136090,4.990000,0.978000,4.450000
30.180520,4.990000,0.978000,4.450000
30.213890,4.990000,0.978000,4.450000
30.247340,4.990000,0.978000,4.450000
30.291730,4.990000,0.978000,4.450000
30.336200,4.990000,0.978000,4.450000
30.369540,4.990000,0.978000,4.450000
30.403000,4.990000,0.978000,4.450000
30.447220,4.990000,0.978000,4.450000
30.491670,4.990000,0.978000,4.450000
30.536130,4.990000,0.978000,4.450000
30.580540,4.990000,0.978000,4.450000
30.613900,4.990000,0.978000,4.450000
30.647240,4.990000,0.978000,4.450000
30.691620,4.990000,0.978000,4.450000
30.725140,4.990000,0.978000,4.450000
30.769660,4.990000,0.978000,4.450000
30.813920,4.990000,0.978000,4.450000
30.858440,4.990000,0.978000,4.450000
30.902920,4.990000,0.978000,4.450000
30.947260,4.990000,0.978000,4.450000
30.991760,4.990000,0.978000,4.450000
31.036120,4.990000,0.978000,4.450000
31.069540,4.990000,0.978000,4.450000
31.102920,4.990000,0.978000,4.450000
31.147350,4.990000,0.978000,4.450000
31.191710,4.990000,0.978000,4.450000
31.225050,4.990000,0.978000,4.450000
31.258400,4.990000,0.978000,4.450000
31.291790,4.990000,0.978000,4.450000
31.325290,4.990000,0.978000,4.450000
31.369540,4.990000,0.978000,4.450000
31.402880,4.990000,0.978000,4.450000
31.447140,4.990000,0.978000,4.450000
31.480530,4.990000,0.978000,4.450000
31.525040,4.990000,0.978000,4.450000
31.558530,4.990000,0.978000,4.450000
31.602840,4.990000,0.978000,4.450000
31.636210,4.990000,0.978000,4.450000
31.680570,4.990000,0.978000,4.450000
31.714050,4.990000,0.978000,4.450000
31.758300,4.990000,0.978000,4.450000
31.791660,4.990000,0.978000,4.450000
31.836180,4.990000,0.978000,4.450000
31.869590,4.990000,0.978000,4.450000
31.906340,4.990000,0.978000,4.450000
31.939950,4.990000,0.978000,4.450000
31.984180,4.990000,0.978000,4.450000
32.017530,4.990000,0.978000,4.450000
32.050910,4.990000,0.978000,4.450000
32.095260,4.990000,0.978000,4.450000
32.139770,4.990000,0.978000,4.450000
32.173160,4.990000,0.978000,4.450000
32.217400,4.990000,0.978000,4.450000
32.250840,4.990000,0.978000,4.450000
32.287360,4.990000,0.978000,4.450000
32.331820,4.990000,0.978000,4.450000
32.376160,4.990000,0.978000,4.450000
32.409500,4.990000,0.978000,4.450000
32.442850,4.990000,0.978000,4.450000
32.476220,4.990000,0.978000,4.450000
32.520590,4.990000,0.978000,4.450000
32.565130,4.990000,0.978000,4.450000
32.609610,4.990000,0.978000,4.450000
32.642940,4.990000,0.978000,4.450000
32.687320,4.990000,0.978000,4.450000
32.720750,4.990000,0.978000,4.450000
32.764970,4.990000,0.978000,4.450000
32.798540,4.990000,0.978000,4.450000
32.842940,4.990000,0.978000,4.450000
32.887360,4.990000,0.978000,4.450000
32.920690,4.990000,0.978000,4.450000
32.965100,4.990000,0.978000,4.450000
33.009440,4.990000,0.978000,4.450000
33.042960,4.990000,0.978000,4.450000
33.087400,4.990000,0.978000,4.450000
33.120750,4.990000,0.978000,4.450000
33.165140,4.990000,0.978000,4.450000
33.198520,4.990000,0.978000,4.450000
33.242810,4.990000,0.978000,4.450000
33.276400,4.990000,0.978000,4.450000
33.320610,4.990000,0.978000,4.450000
33.365030,4.990000,0.978000,4.450000
33.398480,4.990000,0.978000,4.450000
33.431820,4.990000,0.978000,4.450000
33.476150,4.990000,0.978000,4.450000
33.509580,4.990000,0.978000,4.450000
33.554010,4.990000,0.978000,4.450000
33.598290,4.990000,0.978000,4.450000
33.631680,4.990000,0.978000,4.450000
33.665070,4.990000,0.978000,4.450000
33.709630,4.990000,0.978000,4.450000
33.754020,4.990000,0.978000,4.450000
33.798360,4.990000,0.978000,4.450000
33.831700,4.990000,0.978000,4.450000
33.865070,4.990000,0.978000,4.450000
33.909570,4.990000,0.978000,4.450000
33.942920,4.990000,0.978000,4.450000
33.987190,4.990000,0.978000,4.450000
34.020560,4.990000,0.978000,4.450000
34.053910,4.990000,0.978000,4.450000
34.087300,4.990000,0.978000,4.450000
34.120720,4.990000,0.978000,4.450000
34.164970,4.990000,0.978000,4.450000
34.198490,4.990000,0.978000,4.450000
34.242880,4.990000,0.978000,4.450000
34.287300,4.990000,0.978000,4.450000
34.331660,4.990000,0.978000,4.450000
34.365160,4.990000,0.978000,4.450000
34.409570,4.990000,0.978000,4.450000
34.454000,4.990000,0.978000,4.450000
34.498490,4.990000,0.978000,4.450000
34.542840,4.990000,0.978000,4.450000
34.587290,4.990000,0.978000,4.450000
34.631610,4.990000,0.978000,4.450000
34.665040,4.990000,0.978000,4.450000
34.709680,4.990000,0.978000,4.450000
34.753950,4.990000,0.978000,4.450000
34.798450,4.990000,0.978000,4.450000
34.842950,4.990000,0.978000,4.450000
34.887240,4.990000,0.978000,4.450000
34.920640,4.990000,0.978000,4.450000
34.954120,4.990000,0.978000,4.450000
34.998360,4.990000,0.978000,4.450000
35.035890,4.990000,0.978000,4.450000
35.069590,4.990000,0.978000,4.450000
35.113690,4.990000,0.978000,4.450000
35.147090,4.990000,0.978000,4.450000
35.191550,4.990000,0.978000,4.450000
35.235980,4.990000,0.978000,4.450000
35.269330,4.990000,0.978000,4.450000
35.302700,4.990000,0.978000,4.450000
35.336060,4.990000,0.978000,4.450000
35.380420,4.990000,0.978000,4.450000
35.424930,4.990000,0.978000,4.450000
35.469220,4.990000,0.978000,4.450000
35.502690,4.990000,0.978000,4.450000
35.546950,4.990000,0.978000,4.450000
35.580360,4.990000,0.978000,4.450000
35.613740,4.990000,0.978000,4.450000
35.658180,4.990000,0.978000,4.450000
35.691680,4.990000,0.978000,4.450000
35.725040,4.990000,0.978000,4.450000
35.769370,4.990000,0.978000,4.450000
35.802720,4.990000,0.978000,4.450000
35.847130,4.990000,0.978000,4.450000
35.891450,4.990000,0.978000,4.450000
35.924830,4.990000,0.978000,4.450000
35.958260,4.990000,0.978000,4.450000
36.002780,4.990000,0.978000,4.450000
36.047050,4.990000,0.978000,4.450000
36.080390,4.990000,0.978000,4.450000
36.113800,4.990000,0.978000,4.450000
36.158260,4.990000,0.978000,4.450000
36.202630,4.990000,0.978000,4.450000
36.236020,4.990000,0.978000,4.450000
36.280300,4.990000,0.978000,4.450000
36.313720,4.990000,0.978000,4.450000
36.358100,4.990000,0.978000,4.450000
36.391540,4.990000,0.978000,4.450000
36.435890,4.990000,0.978000,4.450000
36.469410,4.990000,0.978000,4.450000
36.513770,4.990000,0.978000,4.450000
36.547150,4.990000,0.978000,4.450000
36.591700,4.990000,0.978000,4.450000
36.636070,4.990000,0.978000,4.450000
36.680420,4.990000,0.978000,4.450000
36.724900,4.990000,0.978000,4.450000
36.769520,4.990000,0.978000,4.450000
36.813730,4.990000,0.978000,4.450000
36.858140,4.990000,0.978000,4.450000
36.891620,4.990000,0.978000,4.450000
36.925000,4.990000,0.978000,4.450000
36.969310,4.990000,0.978000,4.450000
37.013690,4.990000,0.978000,4.450000
37.047080,4.990000,0.978000,4.450000
37.080460,4.990000,0.978000,4.450000
37.120640,4.990000,0.978000,4.450000
37.154100,4.990000,0.978000,4.450000
37.198410,4.990000,0.978000,4.450000
37.231740,4.990000,0.978000,4.450000
37.276160,4.990000,0.978000,4.450000
37.309620,4.990000,0.978000,4.450000
37.342970,4.990000,0.978000,4.450000
37.376380,4.990000,0.978000,4.450000
37.420790,4.990000,0.978000,4.450000
37.454220,4.990000,0.978000,4.450000
37.498680,4.990000,0.978000,4.450000
37.543030,4.990000,0.978000,4.450000
37.587340,4.990000,0.978000,4.450000
37.620760,4.990000,0.978000,4.450000
37.654120,4.990000,0.978000,4.450000
37.698430,4.990000,0.978000,4.450000
37.731930,4.990000,0.978000,4.450000
37.776280,4.990000,0.978000,4.450000
37.809630,4.990000,0.978000,4.450000
37.843050,4.990000,0.978000,4.450000
37.887450,4.990000,0.978000,4.450000
37.931800,4.990000,0.978000,4.450000
37.976310,4.990000,0.978000,4.450000
38.009710,4.990000,0.978000,4.450000
38.054110,4.990000,0.978000,4.450000
38.098460,4.990000,0.978000,4.450000
38.142940,4.990000,0.978000,4.450000
38.176470,4.990000,0.978000,4.450000
38.220750,4.990000,0.978000,4.450000
38.254100,4.990000,0.978000,4.450000
38.298500,4.990000,0.978000,4.450000
38.342920,4.990000,0.978000,4.450000
38.376310,4.990000,0.978000,4.450000
38.420770,4.990000,0.978000,4.450000
38.454240,4.990000,0.978000,4.450000
38.498570,4.990000,0.978000,4.450000
38.542870,4.990000,0.978000,4.450000
38.576230,4.990000,0.978000,4.450000
38.609600,4.990000,0.978000,4.450000
38.643030,4.990000,0.978000,4.450000
38.687370,4.990000,0.978000,4.450000
38.725110,4.990000,0.978000,4.450000
38.758440,4.990000,0.978000,4.450000
38.791860,4.990000,0.978000,4.450000
38.836280,4.990000,0.978000,4.450000
38.869640,4.990000,0.978000,4.450000
38.903080,4.990000,0.978000,4.450000
38.947410,4.990000,0.978000,4.450000
38.991760,4.990000,0.978000,4.450000
39.025160,4.990000,0.978000,4.450000
39.058540,4.990000,0.978000,4.450000
39.102910,4.990000,0.978000,4.450000
39.147340,4.990000,0.978000,4.450000
39.180720,4.990000,0.978000,4.450000
39.214100,4.990000,0.978000,4.450000
39.247570,4.990000,0.978000,4.450000
39.292000,4.990000,0.978000,4.450000
39.336330,4.990000,0.978000,4.450000
39.380760,4.990000,0.978000,4.450000
39.425250,4.990000,0.978000,4.450000
39.469640,4.990000,0.978000,4.450000
39.514200,4.990000,0.978000,4.450000
39.547610,4.990000,0.978000,4.450000
39.591880,4.990000,0.978000,4.450000
39.625310,4.990000,0.978000,4.450000
39.669700,4.990000,0.978000,4.450000
39.703040,4.990000,0.978000,4.450000
39.736520,4.990000,0.978000,4.450000
39.769880,4.990000,0.978000,4.450000
39.814110,4.990000,0.978000,4.450000
39.858460,4.990000,0.978000,4.450000
39.891980,4.990000,0.978000,4.450000
39.936290,4.990000,0.978000,4.450000
39.980610,4.990000,0.978000,4.450000
40.014010,4.990000,0.978000,4.450000
40.061050,4.990000,0.978000,4.450000
40.102900,4.990000,0.978000,4.450000
40.147430,4.990000,0.978000,4.450000
40.191660,4.990000,0.978000,4.450000
40.225010,4.990000,0.978000,4.450000
40.258410,4.990000,0.978000,4.450000
40.302860,4.990000,0.978000,4.450000
40.336190,4.990000,0.978000,4.450000
40.380700,4.990000,0.978000,4.450000
40.425080,4.990000,0.978000,4.450000
40.458460,4.990000,0.978000,4.450000
40.502810,4.990000,0.978000,4.450000
40.536250,4.990000,0.978000,4.450000
40.569600,4.990000,0.978000,4.450000
40.614010,4.990000,0.978000,4.450000
40.647400,4.990000,0.978000,4.450000
40.691730,4.990000,0.978000,4.450000
40.736240,4.990000,0.978000,4.450000
40.780570,4.990000,0.978000,4.450000
40.825020,4.990000,0.978000,4.450000
40.858460,4.990000,0.978000,4.450000
40.891890,4.990000,0.978000,4.450000
40.936200,4.990000,0.978000,4.450000
40.969540,4.990000,0.978000,4.450000
41.002900,4.990000,0.978000,4.450000
41.036260,4.990000,0.978000,4.450000
41.080800,4.990000,0.978000,4.450000
41.125090,4.990000,0.978000,4.450000
41.158510,4.990000,0.978000,4.450000
41.202840,4.990000,0.978000,4.450000
41.236280,4.990000,0.978000,4.450000
41.280620,4.990000,0.978000,4.450000
41.314110,4.990000,0.978000,4.450000
41.347590,4.990000,0.978000,4.450000
41.391940,4.990000,0.978000,4.450000
41.436180,4.990000,0.978000,4.450000
41.469640,4.990000,0.978000,4.450000
41.514110,4.990000,0.978000,4.450000
41.558460,4.990000,0.978000,4.450000
41.596190,4.990000,0.978000,4.450000
41.640710,4.990000,0.978000,4.450000
41.674160,4.990000,0.978000,4.450000
41.718890,4.990000,0.978000,4.450000
41.752280,4.990000,0.978000,4.450000
41.796260,4.990000,0.978000,4.450000
41.840790,4.990000,0.978000,4.450000
41.885270,4.990000,0.978000,4.450000
41.918660,4.990000,0.978000,4.450000
41.952070,4.990000,0.978000,4.450000
41.985560,4.990000,0.978000,4.450000
42.019000,4.990000,0.978000,4.450000
42.062850,4.990000,0.978000,4.450000
42.096290,4.990000,0.978000,4.450000
42.140730,4.990000,0.978000,4.450000
42.185150,4.990000,0.978000,4.450000
42.218590,4.990000,0.978000,4.450000
42.252070,4.990000,0.978000,4.450000
42.296300,4.990000,0.978000,4.450000
42.329650,4.990000,0.978000,4.450000
42.363070,4.990000,0.978000,4.450000
42.396470,4.990000,0.978000,4.450000
42.440800,4.990000,0.978000,4.450000
42.485460,4.990000,0.978000,4.450000
42.529600,4.990000,0.978000,4.450000
42.574060,4.990000,0.978000,4.450000
42.618460,4.990000,0.978000,4.450000
42.662890,4.990000,0.978000,4.450000
42.696310,4.990000,0.978000,4.450000
42.740780,4.990000,0.978000,4.450000
42.785360,4.990000,0.978000,4.450000
42.818820,4.990000,0.978000,4.450000
42.862930,4.990000,0.978000,4.450000
42.907440,4.990000,0.978000,4.450000
42.951930,4.990000,0.978000,4.450000
42.996320,4.990000,0.978000,4.450000
43.040790,4.990000,0.978000,4.450000
43.085270,4.990000,0.978000,4.450000
43.129680,4.990000,0.978000,4.450000
43.167500,4.990000,0.978000,4.450000
43.201750,4.990000,0.978000,4.450000
43.235100,4.990000,0.978000,4.450000
43.268490,4.990000,0.978000,4.450000
43.302050,4.990000,0.978000,4.450000
43.346310,4.990000,0.978000,4.450000
43.379670,4.990000,0.978000,4.450000
43.413050,4.990000,0.978000,4.450000
43.457420,4.990000,0.978000,4.450000
43.501930,4.990000,0.978000,4.450000
43.546340,4.990000,0.978000,4.450000
43.590630,4.990000,0.978000,4.450000
43.624010,4.990000,0.978000,4.450000
43.668370,4.990000,0.978000,4.450000
43.701920,4.990000,0.978000,4.450000
43.746300,4.990000,0.978000,4.450000
43.790630,4.990000,0.978000,4.450000
43.835210,4.990000,0.978000,4.450000
43.868710,4.990000,0.978000,4.450000
43.912780,4.990000,0.978000,4.450000
43.946290,4.990000,0.978000,4.450000
43.990710,4.990000,0.978000,4.450000
44.035210,4.990000,0.978000,4.450000
44.079650,4.990000,0.978000,4.450000
44.124220,4.990000,0.978000,4.450000
44.168520,4.990000,0.978000,4.450000
44.201890,4.990000,0.978000,4.450000
44.237890,4.990000,0.978000,4.450000
44.279590,4.990000,0.978000,4.450000
44.324150,4.990000,0.978000,4.450000
44.368790,4.990000,0.978000,4.450000
44.412880,4.990000,0.978000,4.450000
44.457390,4.990000,0.978000,4.450000
44.501740,4.990000,0.978000,4.450000
44.546220,4.990000,0.978000,4.450000
44.579630,4.990000,0.978000,4.450000
44.623970,4.990000,0.978000,4.450000
44.657360,4.990000,0.978000,4.450000
44.701770,4.990000,0.978000,4.450000
44.735440,4.990000,0.978000,4.450000
44.779570,4.990000,0.978000,4.450000
44.813030,4.990000,0.978000,4.450000
44.857450,4.990000,0.978000,4.450000
44.901740,4.990000,0.978000,4.450000
44.935390,4.990000,0.978000,4.450000
44.979550,4.990000,0.978000,4.450000
45.012930,4.990000,0.978000,4.450000
45.057280,4.990000,0.978000,4.450000
45.090710,4.990000,0.978000,4.450000
45.127830,4.990000,0.978000,4.450000
45.161290,4.990000,0.978000,4.450000
45.194620,4.990000,0.978000,4.450000
45.239030,4.990000,0.978000,4.450000
45.272420,4.990000,0.978000,4.450000
45.305890,4.990000,0.978000,4.450000
45.350080,4.990000,0.978000,4.450000
45.383480,4.990000,0.978000,4.450000
45.416850,4.990000,0.978000,4.450000
45.461250,4.990000,0.978000,4.450000
45.494610,4.990000,0.978000,4.450000
45.539020,4.990000,0.978000,4.450000
45.572400,4.990000,0.978000,4.450000
45.605740,4.990000,0.978000,4.450000
45.639130,4.990000,0.978000,4.450000
45.683570,4.990000,0.978000,4.450000
45.716920,4.990000,0.978000,4.450000
45.761240,4.990000,0.978000,4.450000
45.794610,4.990000,0.978000,4.450000
45.828010,4.990000,0.978000,4.450000
45.872410,4.990000,0.978000,4.450000
45.905780,4.990000,0.978000,4.450000
45.950000,4.990000,0.978000,4.450000
45.983360,4.990000,0.978000,4.450000
46.016700,4.990000,0.978000,4.450000
46.050310,4.990000,0.978000,4.450000
46.094550,4.990000,0.978000,4.450000
46.127960,4.990000,0.978000,4.450000
46.172310,4.990000,0.978000,4.450000
46.205820,4.990000,0.978000,4.450000
46.250250,4.990000,0.978000,4.450000
46.294510,4.990000,0.978000,4.450000
46.327900,4.990000,0.978000,4.450000
46.361320,4.990000,0.978000,4.450000
46.405760,4.990000,0.978000,4.450000
46.439270,4.990000,0.978000,4.450000
46.483380,4.990000,0.978000,4.450000
46.516980,4.990000,0.978000,4.450000
46.561320,4.990000,0.978000,4.450000
46.605690,4.990000,0.978000,4.450000
46.639030,4.990000,0.978000,4.450000
46.672450,4.990000,0.978000,4.450000
46.716690,4.990000,0.978000,4.450000
46.750140,4.990000,0.978000,4.450000
46.794650,4.990000,0.978000,4.450000
46.839000,4.990000,0.978000,4.450000
46.872520,4.990000,0.978000,4.450000
46.916780,4.990000,0.978000,4.450000
46.950210,4.990000,0.978000,4.450000
46.994510,4.990000,0.978000,4.450000
47.027930,4.990000,0.978000,4.450000
47.061310,4.990000,0.978000,4.450000
47.105760,4.990000,0.978000,4.450000
47.139180,4.990000,0.978000,4.450000
47.172610,4.990000,0.978000,4.450000
47.219500,4.990000,0.978000,4.450000
47.261200,4.990000,0.978000,4.450000
47.305650,4.990000,0.978000,4.450000
47.339130,4.990000,0.978000,4.450000
47.383650,4.990000,0.978000,4.450000
47.427940,4.990000,0.978000,4.450000
47.472380,4.990000,0.978000,4.450000
47.505760,4.990000,0.978000,4.450000
47.539100,4.990000,0.978000,4.450000
47.583410,4.990000,0.978000,4.450000
47.616830,4.990000,0.978000,4.450000
47.665760,4.990000,0.978000,4.450000
47.710100,4.990000,0.978000,4.450000
47.743450,4.990000,0.978000,4.450000
47.776850,4.990000,0.978000,4.450000
47.810190,4.990000,0.978000,4.450000
47.843550,4.990000,0.978000,4.450000
47.876900,4.990000,0.978000,4.450000
47.910240,4.990000,0.978000,4.450000
47.954750,4.990000,0.978000,4.450000
47.999100,4.990000,0.978000,4.450000
48.043450,4.990000,0.978000,4.450000
48.087990,4.990000,0.978000,4.450000
48.132340,4.990000,0.978000,4.450000
48.165720,4.990000,0.978000,4.450000
48.210180,4.990000,0.978000,4.450000
48.243540,4.990000,0.978000,4.450000
48.288060,4.990000,0.978000,4.450000
48.332390,4.990000,0.978000,4.450000
48.369320,4.990000,0.978000,4.450000
48.402680,4.990000,0.978000,4.450000
48.446990,4.990000,0.978000,4.450000
48.480410,4.990000,0.978000,4.450000
48.513810,4.990000,0.978000,4.450000
48.547170,4.990000,0.978000,4.450000
48.591520,4.990000,0.978000,4.450000
48.624860,4.990000,0.978000,4.450000
48.669230,4.990000,0.978000,4.450000
48.702650,4.990000,0.978000,4.450000
48.736020,4.990000,0.978000,4.450000
48.780430,4.990000,0.978000,4.450000
48.813820,4.990000,0.978000,4.450000
48.858220,4.990000,0.978000,4.450000
48.891670,4.990000,0.978000,4.450000
48.935990,4.990000,0.978000,4.450000
48.980400,4.990000,0.978000,4.450000
49.024880,4.990000,0.978000,4.450000
49.058250,4.990000,0.978000,4.450000
49.091720,4.990000,0.978000,4.450000
49.136010,4.990000,0.978000,4.450000
49.169510,4.990000,0.978000,4.450000
49.213660,4.990000,0.978000,4.450000
49.247130,4.990000,0.978000,4.450000
49.291460,4.990000,0.978000,4.450000
49.324850,4.990000,0.978000,4.450000
49.358250,4.990000,0.978000,4.450000
49.391720,4.990000,0.978000,4.450000
49.435940,4.990000,0.978000,4.450000
49.469340,4.990000,0.978000,4.450000
49.502690,4.990000,0.978000,4.450000
49.547180,4.990000,0.978000,4.450000
49.591550,4.990000,0.978000,4.450000
49.635950,4.990000,0.978000,4.450000
49.669310,4.990000,0.978000,4.450000
49.702660,4.990000,0.978000,4.450000
49.736080,4.990000,0.978000,4.450000
49.769430,4.990000,0.978000,4.450000
49.813740,4.990000,0.978000,4.450000
49.858080,4.990000,0.978000,4.450000
49.891610,4.990000,0.978000,4.450000
49.936070,4.990000,0.978000,4.450000
49.980470,4.990000,0.978000,4.450000
50.024860,4.990000,0.978000,4.450000
50.069340,4.990000,0.978000,4.450000
50.102680,4.990000,0.978000,4.450000
50.136030,4.990000,0.978000,4.450000
50.180430,4.990000,0.978000,4.450000
50.224840,4.990000,0.978000,4.450000
50.269210,4.990000,0.978000,4.450000
50.302560,4.990000,0.978000,4.450000
50.335950,4.990000,0.978000,4.450000
50.369390,4.990000,0.978000,4.450000
50.413720,4.990000,0.978000,4.450000
50.458190,4.990000,0.978000,4.450000
50.491630,4.990000,0.978000,4.450000
50.535940,4.990000,0.978000,4.450000
50.569310,4.990000,0.978000,4.450000
50.602790,4.990000,0.978000,4.450000
50.647130,4.990000,0.978000,4.450000
50.684420,4.990000,0.978000,4.450000
50.718230,4.990000,0.978000,4.450000
50.751610,4.990000,0.978000,4.450000
50.795480,4.990000,0.978000,4.450000
50.828830,4.990000,0.978000,4.450000
50.873260,4.990000,0.978000,4.450000
50.906780,4.990000,0.978000,4.450000
50.951070,4.990000,0.978000,4.450000
50.985030,4.990000,0.978000,4.450000
51.028860,4.990000,0.978000,4.450000
51.073310,4.990000,0.978000,4.450000
51.106690,4.990000,0.978000,4.450000
51.151310,4.990000,0.978000,4.450000
51.195580,4.990000,0.978000,4.450000
51.239950,4.990000,0.978000,4.450000
51.273510,4.990000,0.978000,4.450000
51.317930,4.990000,0.978000,4.450000
51.351730,4.990000,0.978000,4.450000
51.395690,4.990000,0.978000,4.450000
51.429040,4.990000,0.978000,4.450000
51.473230,4.990000,0.978000,4.450000
51.506580,4.990000,0.978000,4.450000
51.540080,4.990000,0.978000,4.450000
51.584930,4.990000,0.978000,4.450000
51.628830,4.990000,0.978000,4.450000
51.662190,4.990000,0.978000,4.450000
51.695530,4.990000,0.978000,4.450000
51.728890,4.990000,0.978000,4.450000
51.762340,4.990000,0.978000,4.450000
51.806560,4.990000,0.978000,4.450000
51.839980,4.990000,0.978000,4.450000
51.873360,4.990000,0.978000,4.450000
51.906720,4.990000,0.978000,4.450000
51.951270,4.990000,0.978000,4.450000
51.988820,4.990000,0.978000,4.450000
52.022200,4.990000,0.978000,4.450000
52.066590,4.990000,0.978000,4.450000
52.099930,4.990000,0.978000,4.450000
52.144490,4.990000,0.978000,4.450000
52.188930,4.990000,0.978000,4.450000
52.222300,4.990000,0.978000,4.450000
52.266660,4.990000,0.978000,4.450000
52.300030,4.990000,0.978000,4.450000
52.344300,4.990000,0.978000,4.450000
52.377980,4.990000,0.978000,4.450000
52.422280,4.990000,0.978000,4.450000
52.455650,4.990000,0.978000,4.450000
52.499950,4.990000,0.978000,4.450000
52.533330,4.990000,0.978000,4.450000
52.566690,4.990000,0.978000,4.450000
52.611090,4.990000,0.978000,4.450000
52.655480,4.990000,0.978000,4.450000
52.688820,4.990000,0.978000,4.450000
52.722210,4.990000,0.978000,4.450000
52.755630,4.990000,0.978000,4.450000
52.800010,4.990000,0.978000,4.450000
52.844330,4.990000,0.978000,4.450000
52.877690,4.990000,0.978000,4.450000
52.911140,4.990000,0.978000,4.450000
52.955540,4.990000,0.978000,4.450000
52.988880,2.077749,0.978000,4.450000
53.033180,1.989136,0.978000,4.450000
53.066560,1.922394,0.978000,4.450000
53.099930,1.855641,0.978000,4.450000
53.133270,1.788954,0.978000,4.450000
53.166660,1.722173,0.978000,4.450000
53.200020,1.655453,0.978000,4.450000
53.244430,1.566630,0.978000,4.450000
53.277780,1.499946,0.978000,4.450000
53.322190,1.542913,0.978000,4.464085
53.355620,1.564325,0.978000,4.473059
53.399970,1.607054,0.978000,4.486172
53.444400,1.694005,0.978000,4.504550
53.477790,1.714874,0.978000,4.514296
53.522100,1.757218,0.978000,4.529445
53.555450,1.777387,0.978000,4.540068
53.599930,1.775419,0.978000,4.550912
53.644450,1.772783,0.978000,4.562880
53.688790,1.769781,0.978000,4.576647
53.722240,1.789090,0.978000,4.593474
53.755670,1.807447,0.978000,4.611916
53.799870,1.803187,0.978000,4.630215
53.833320,1.778455,0.978000,4.638444
53.866720,1.753901,0.978000,4.646904
53.911140,1.707038,0.978000,4.654163
53.955600,1.702092,0.978000,4.673815
54.000010,1.654786,0.978000,4.681229
54.044490,1.648209,0.978000,4.701738
54.088920,1.640740,0.978000,4.723328
54.133280,1.632810,0.978000,4.745369
54.166840,1.605734,0.978000,4.754894
54.211070,1.595448,0.978000,4.777933
54.244400,1.568351,0.978000,4.788841
54.277800,1.578203,0.978000,4.817246
54.322140,1.527669,0.978000,4.826440
54.355500,1.498321,0.978000,4.838209
54.388840,1.468315,0.978000,4.850477
54.433280,1.450214,0.978000,4.881900
54.477720,1.394766,0.978000,4.893480
54.522160,1.306554,0.978000,4.882506
54.555520,1.269002,0.978000,4.898216
54.588860,1.202869,0.978000,4.889597
54.622230,1.136703,0.978000,4.880973
54.655560,1.070586,0.978000,4.872356
54.700260,0.981950,0.978000,4.860804
54.744390,0.894419,0.978000,4.849396
54.783860,0.816157,0.978000,4.839196
54.828180,0.728245,0.978000,4.827738
54.861520,0.662130,0.978000,4.819121
54.894930,0.595871,0.978000,4.810485
54.928300,0.529683,0.978000,4.801858
54.972900,0.441249,0.978000,4.790332
55.017080,0.353613,0.978000,4.778910
55.050800,0.286755,0.978000,4.770196
55.084190,0.220529,0.978000,4.761565
55.128230,0.133190,0.978000,4.750182
55.161630,0.066949,0.978000,4.741549
55.206050,-0.021154,0.978000,4.730065
55.250600,-0.109507,0.978000,4.718550
55.295020,-0.179121,0.978000,4.731034
55.328350,-0.245132,0.978000,4.721716
55.372800,-0.333151,0.978000,4.709291
55.417080,-0.420851,0.978000,4.696911
55.450500,-0.487030,0.978000,4.687570
55.494860,-0.574882,0.978000,4.675169
55.539280,-0.638841,0.978000,4.687093
55.572700,-0.704904,0.978000,4.676864
55.617210,-0.770210,0.978000,4.687884
55.661600,-0.836183,0.978000,4.698215
55.706080,-0.923638,0.978000,4.681940
55.739490,-0.972317,0.978000,4.694809
55.783880,-1.059292,0.978000,4.677032
55.817350,-1.124873,0.978000,4.663627
55.861710,-1.211783,0.978000,4.645862
55.906050,-1.298680,0.978000,4.628100
55.939550,-1.364318,0.978000,4.614684
55.983750,-1.450920,0.978000,4.596982
56.017290,-1.516647,0.978000,4.583547
56.061580,-1.603436,0.978000,4.565807
56.094960,-1.668842,0.978000,4.552438
56.139250,4.990000,0.978000,4.450000
56.172740,4.990000,0.978000,4.450000
56.217100,4.990000,0.978000,4.450000
56.250790,4.990000,0.978000,4.450000
56.294890,4.990000,0.978000,4.450000
56.328240,4.990000,0.978000,4.450000
56.361580,4.990000,0.978000,4.450000
56.394990,4.990000,0.978000,4.450000
56.428410,4.990000,0.978000,4.450000
56.472660,4.990000,0.978000,4.450000
56.506130,4.990000,0.978000,4.450000
56.550780,4.990000,0.978000,4.450000
56.595060,4.990000,0.978000,4.450000
56.639360,4.990000,0.978000,4.450000
56.672770,4.990000,0.978000,4.450000
56.717220,4.990000,0.978000,4.450000
56.750840,4.990000,0.978000,4.450000
56.794910,4.990000,0.978000,4.450000
56.828280,4.990000,0.978000,4.450000
56.861720,4.990000,0.978000,4.450000
56.905980,4.990000,0.978000,4.450000
56.939580,4.990000,0.978000,4.450000
56.983760,4.990000,0.978000,4.450000
57.017360,4.990000,0.978000,4.450000
57.061630,4.990000,0.978000,4.450000
57.095070,4.990000,0.978000,4.450000
57.139340,4.990000,0.978000,4.450000
57.172720,4.990000,0.978000,4.450000
57.217440,4.990000,0.978000,4.450000
57.261700,4.990000,0.978000,4.450000
57.306190,4.990000,0.978000,4.450000
57.350700,4.990000,0.978000,4.450000
57.384330,4.990000,0.978000,4.450000
57.428440,4.990000,0.978000,4.450000
57.472600,4.990000,0.978000,4.450000
57.505980,4.990000,0.978000,4.450000
57.539370,4.990000,0.978000,4.450000
57.583730,4.990000,0.978000,4.450000
57.628170,4.990000,0.978000,4.450000
57.661560,4.990000,0.978000,4.450000
57.695000,4.990000,0.978000,4.450000
57.739410,4.990000,0.978000,4.450000
57.784020,4.990000,0.978000,4.450000
57.817400,4.990000,0.978000,4.450000
57.861630,4.990000,0.978000,4.450000
57.906160,4.990000,0.978000,4.450000
57.939920,4.990000,0.978000,4.450000
57.974700,4.990000,0.978000,4.450000
58.017760,4.990000,0.978000,4.450000
58.061570,4.990000,0.978000,4.450000
58.094920,4.990000,0.978000,4.450000
58.139360,4.990000,0.978000,4.450000
58.172710,4.990000,0.978000,4.450000
58.212940,4.990000,0.978000,4.450000
58.257250,4.990000,0.978000,4.450000
58.290680,4.990000,0.978000,4.450000
58.324030,4.990000,0.978000,4.450000
58.368590,4.990000,0.978000,4.450000
58.403710,4.990000,0.978000,4.450000
58.446800,4.990000,0.978000,4.450000
58.480630,4.990000,0.978000,4.450000
58.526060,4.990000,0.978000,4.450000
58.569500,4.990000,0.978000,4.450000
58.603630,4.990000,0.978000,4.450000
58.646640,4.990000,0.978000,4.450000
58.680360,4.990000,0.978000,4.450000
58.725740,4.990000,0.978000,4.450000
58.769240,4.990000,0.978000,4.450000
58.813580,4.990000,0.978000,4.450000
58.857850,4.990000,0.978000,4.450000
58.891800,4.990000,0.978000,4.450000
58.935660,4.990000,0.978000,4.450000
58.970370,4.990000,0.978000,4.450000
59.013340,4.990000,0.978000,4.450000
59.057250,4.990000,0.978000,4.450000
59.102650,4.990000,0.978000,4.450000
59.146840,4.990000,0.978000,4.450000
59.191720,4.990000,0.978000,4.450000
59.225250,4.990000,0.978000,4.450000
59.268890,4.990000,0.978000,4.450000
59.313050,4.990000,0.978000,4.450000
59.357650,4.990000,0.978000,4.450000
59.402000,4.990000,0.978000,4.450000
59.435440,4.990000,0.978000,4.450000
59.479490,4.990000,0.978000,4.450000
59.512890,4.990000,0.978000,4.450000
59.557270,4.990000,0.978000,4.450000
59.590610,4.990000,0.978000,4.450000
59.623960,4.990000,0.978000,4.450000
59.657490,4.990000,0.978000,4.450000
59.702010,4.990000,0.978000,4.450000
59.747440,4.990000,0.978000,4.450000
