Timestamp,HumanMPositionX,HumanMPositionY,HumanMPositionZ,BallPositionX,BallPositionY,BallPositionZ
0.000000,,,,-1.020000,2.353000,0.890000
0.044504,9.170000,0.172373,3.710000,-0.989780,2.407351,1.232754
0.094797,9.170000,0.172373,3.710000,-0.966575,2.445929,1.495955
0.143823,9.170000,0.172373,3.710000,-0.940301,2.485481,1.793954
0.194433,9.170000,0.172373,3.710000,-0.914625,2.517993,2.085177
0.243970,9.170000,0.172373,3.710000,-0.888047,2.543161,2.386626
0.294394,9.170000,0.172373,3.710000,-0.861977,2.558261,2.682313
0.345133,9.170000,0.172373,3.710000,-0.835409,2.562952,2.983654
0.397041,9.170000,0.172373,3.710000,-0.808677,2.556736,3.286847
0.446325,9.170000,0.172373,3.710000,-0.781365,2.539558,3.596619
0.496516,9.170000,0.172373,3.710000,-0.755488,2.514476,3.890122
0.546953,9.170000,0.172373,3.710000,-0.729200,2.481349,4.188280
0.597266,9.170000,0.172373,3.710000,-0.694329,2.431477,4.484725
0.646962,9.170000,0.172373,3.710000,-0.694329,2.431477,4.484725
0.696801,9.170000,0.172373,3.710000,-0.694329,2.431477,4.484725
0.746987,9.170000,0.172373,3.710000,-0.694329,2.431477,4.484725
0.797742,9.170000,0.172373,3.710000,-0.694329,2.431477,4.484725
0.847221,9.170000,0.172373,3.710000,-0.727490,2.477612,4.194143
0.897110,9.170000,0.172373,3.710000,-0.754222,2.520370,3.901586
0.947478,9.170000,0.172373,3.710000,-0.764235,2.558468,3.604852
0.998256,9.170000,0.172373,3.710000,-0.749911,2.586418,3.304282
1.048241,9.170000,0.172373,3.710000,-0.719617,2.599036,3.001385
1.097669,9.170000,0.172373,3.710000,-0.685812,2.592435,2.703459
1.148015,9.170000,0.172373,3.710000,-0.659911,2.550381,2.411036
1.198751,9.170000,0.172373,3.710000,-0.616752,2.481695,2.120053
1.248152,9.170000,0.172373,3.710000,-0.539828,2.391362,1.839713
1.298127,9.170000,0.172373,3.710000,-0.455867,2.283000,1.576913
1.348191,9.170000,0.172373,3.710000,-0.353251,2.146098,1.398889
1.399014,9.170000,0.172373,3.710000,-0.353251,2.146098,1.398889
1.448486,9.170000,0.172373,3.710000,-0.353251,2.146098,1.398889
1.498528,9.170000,0.172373,3.710000,-0.353251,2.146098,1.398889
1.548744,9.170000,0.172373,3.710000,-0.353251,2.146098,1.398889
1.599435,9.170000,0.172373,3.710000,-0.133943,2.246427,1.439032
1.648772,9.170000,0.172373,3.710000,0.111387,2.328110,1.479810
1.699070,9.170000,0.172373,3.710000,0.383798,2.358167,1.518079
1.749017,9.170000,0.172373,3.710000,0.643262,2.318691,1.586384
1.800019,9.170000,0.172373,3.710000,0.774556,2.286973,1.596579
1.849235,9.170000,0.172373,3.710000,0.774556,2.286973,1.596579
1.899308,9.170000,0.172373,3.710000,0.774556,2.286973,1.596579
1.949613,9.170000,0.172373,3.710000,0.774556,2.286973,1.596579
2.000424,9.170000,0.172373,3.710000,0.774556,2.286973,1.596579
2.050087,9.170000,0.172373,3.710000,0.819315,2.360272,1.866971
2.100018,9.170000,0.172373,3.710000,0.875724,2.421639,2.127002
2.150007,9.170000,0.172373,3.710000,0.938757,2.463639,2.402711
2.200960,9.170000,0.172373,3.710000,0.988207,2.475470,2.693894
2.250440,9.170000,0.172373,3.710000,1.030716,2.448880,2.971042
2.300357,9.170000,0.172373,3.710000,1.093307,2.390690,3.203686
2.350608,9.170000,0.172373,3.710000,1.193334,2.312883,3.386534
2.401488,9.170000,0.172373,3.710000,1.234428,2.282044,3.397470
2.450948,9.170000,0.172373,3.710000,1.234428,2.282044,3.397470
2.500942,9.170000,0.172373,3.710000,1.234428,2.282044,3.397470
2.551191,9.170000,0.172373,3.710000,1.234428,2.282044,3.397470
2.602675,9.170000,0.172373,3.710000,1.234428,2.282044,3.397470
2.652493,9.170000,0.172373,3.710000,1.008323,2.373906,3.488188
2.702460,9.170000,0.172373,3.710000,0.779299,2.444098,3.604533
2.753073,9.170000,0.172373,3.710000,0.519978,2.473148,3.735826
2.804212,9.170000,0.172373,3.710000,0.241923,2.439994,3.850585
2.853667,9.170000,0.172373,3.710000,0.020607,2.371059,3.978159
2.904433,9.170000,0.172373,3.710000,-0.050947,2.351948,4.003748
2.954643,9.170000,0.172373,3.710000,-0.050947,2.351948,4.003748
3.005466,9.170000,0.172373,3.710000,-0.050947,2.351948,4.003748
3.054816,9.170000,0.172373,3.710000,-0.050947,2.351948,4.003748
3.104840,9.170000,0.172373,3.710000,-0.050947,2.351948,4.003748
3.156157,9.170000,0.172373,3.710000,-0.136831,2.403336,3.757106
3.207057,9.170000,0.172373,3.710000,-0.259708,2.440084,3.499531
3.256365,9.170000,0.172373,3.710000,-0.432190,2.449348,3.247669
3.306406,9.170000,0.172373,3.710000,-0.630740,2.426304,3.029557
3.356573,9.170000,0.172373,3.710000,-0.844191,2.371601,2.825614
3.407591,9.170000,0.172373,3.710000,-1.063260,2.287982,2.636883
3.456944,9.170000,0.172373,3.710000,-1.288962,2.173645,2.464579
3.507047,9.170000,0.172373,3.710000,-1.332821,2.141381,2.464162
3.557279,9.170000,0.172373,3.710000,-1.332821,2.141381,2.464162
3.607863,9.170000,0.172373,3.710000,-1.332821,2.141381,2.464162
3.657365,9.170000,0.172373,3.710000,-1.332821,2.141381,2.464162
3.707877,9.170000,0.172373,3.710000,-1.332821,2.141381,2.464162
3.757992,9.170000,0.172373,3.710000,-1.088986,2.212124,2.373866
3.809439,9.170000,0.172373,3.710000,-0.830729,2.271304,2.273824
3.858895,9.170000,0.172373,3.710000,-0.539657,2.307701,2.177711
3.910038,9.170000,0.172373,3.710000,-0.256054,2.312280,2.090533
3.960289,9.170000,0.172373,3.710000,0.039531,2.291397,2.010813
4.011006,9.170000,0.172373,3.710000,0.335844,2.257749,1.966390
4.060849,9.170000,0.172373,3.710000,0.636256,2.215822,1.941994
4.111496,9.170000,0.172373,3.710000,0.636256,2.215822,1.941994
4.161681,9.170000,0.172373,3.710000,0.636256,2.215822,1.941994
4.212969,9.170000,0.172373,3.710000,0.636256,2.215822,1.941994
4.262815,9.170000,0.172373,3.710000,0.636256,2.215822,1.941994
4.313404,9.170000,0.172373,3.710000,0.642875,2.276784,2.169598
4.364555,9.170000,0.172373,3.710000,0.667859,2.314438,2.431269
4.415395,9.170000,0.172373,3.710000,0.705090,2.304801,2.735761
4.464938,9.170000,0.172373,3.710000,0.730286,2.250403,3.034844
4.515377,9.170000,0.172373,3.710000,0.764701,2.170614,3.319126
4.565563,9.170000,0.172373,3.710000,0.772991,2.109021,3.515811
4.616940,9.170000,0.172373,3.710000,0.772991,2.109021,3.515811
4.666794,9.170000,0.172373,3.710000,0.772991,2.109021,3.515811
4.716894,9.170000,0.172373,3.710000,0.772991,2.109021,3.515811
4.767102,9.170000,0.172373,3.710000,0.772991,2.109021,3.515811
4.817815,9.170000,0.172373,3.710000,0.494533,2.185424,3.533447
4.867268,9.170000,0.172373,3.710000,0.221722,2.259498,3.548917
4.917493,9.170000,0.172373,3.710000,-0.050159,2.322334,3.566909
4.968287,9.170000,0.172373,3.710000,-0.339174,2.369581,3.602935
5.018907,9.170000,0.172373,3.710000,-0.641125,2.388808,3.566315
5.068439,9.170000,0.172373,3.710000,-0.943168,2.400403,3.536668
5.118903,9.170000,0.172373,3.710000,-1.240144,2.398980,3.525332
5.168535,9.170000,0.172373,3.710000,-1.542572,2.384587,3.522890
5.219374,9.170000,0.172373,3.710000,-1.839495,2.363011,3.515734
5.268835,9.170000,0.172373,3.710000,-2.125408,2.342036,3.507361
5.318922,9.170000,0.172373,3.710000,-2.125408,2.342036,3.507361
5.369134,9.170000,0.172373,3.710000,-2.125408,2.342036,3.507361
5.419901,9.170000,0.172373,3.710000,-2.125408,2.342036,3.507361
5.469217,9.170000,0.172373,3.710000,-2.125408,2.342036,3.507361
5.519222,9.170000,0.172373,3.710000,-1.861199,2.399537,3.543328
5.569358,9.170000,0.172373,3.710000,-1.578044,2.446286,3.576978
5.620311,9.170000,0.172373,3.710000,-1.278842,2.473249,3.592512
5.669642,9.170000,0.172373,3.710000,-0.973524,2.475181,3.608028
5.719698,9.170000,0.172373,3.710000,-0.678729,2.449428,3.614538
5.769854,9.170000,0.172373,3.710000,-0.384189,2.392586,3.629143
5.820758,9.170000,0.172373,3.710000,-0.092789,2.317898,3.620798
5.870209,9.170000,0.172373,3.710000,0.197928,2.226857,3.642651
5.920313,9.170000,0.172373,3.710000,0.275004,2.189997,3.613123
5.970571,9.170000,0.172373,3.710000,0.275004,2.189997,3.613123
6.021327,9.170000,0.172373,3.710000,0.275004,2.189997,3.613123
6.070729,9.170000,0.172373,3.710000,0.275004,2.189997,3.613123
6.120823,9.170000,0.172373,3.710000,0.275004,2.189997,3.613123
6.170899,9.170000,0.172373,3.710000,0.489855,2.303459,3.593342
6.221841,9.170000,0.172373,3.710000,0.728266,2.390271,3.553108
6.271153,9.170000,0.172373,3.710000,1.005892,2.414426,3.487445
6.321248,9.170000,0.172373,3.710000,1.266621,2.360161,3.373379
6.371477,9.170000,0.172373,3.710000,1.386744,2.316707,3.220718
6.422388,9.170000,0.172373,3.710000,1.386744,2.316707,3.220718
6.471544,9.170000,0.172373,3.710000,1.386744,2.316707,3.220718
6.521693,9.170000,0.172373,3.710000,1.386744,2.316707,3.220718
6.571706,9.170000,0.172373,3.710000,1.386744,2.316707,3.220718
6.622690,9.170000,0.172373,3.710000,1.112733,2.356159,3.145086
6.671872,9.170000,0.172373,3.710000,0.821064,2.391883,3.060047
6.722076,9.170000,0.172373,3.710000,0.538857,2.417744,2.977772
6.772019,9.170000,0.172373,3.710000,0.250458,2.431374,2.891884
6.822927,9.170000,0.172373,3.710000,-0.035623,2.428253,2.802748
6.872404,9.170000,0.172373,3.710000,-0.323936,2.402972,2.705128
6.922428,9.170000,0.172373,3.710000,-0.602342,2.351729,2.615707
6.972652,9.170000,0.172373,3.710000,-0.885666,2.272979,2.555611
7.023453,9.170000,0.172373,3.710000,-1.158475,2.166462,2.484635
7.072842,9.170000,0.172373,3.710000,-1.220178,2.103124,2.490721
7.123203,9.170000,0.172373,3.710000,-1.220178,2.103124,2.490721
7.173111,9.170000,0.172373,3.710000,-1.220178,2.103124,2.490721
7.224028,9.170000,0.172373,3.710000,-1.220178,2.103124,2.490721
7.273383,9.170000,0.172373,3.710000,-1.220178,2.103124,2.490721
7.324068,9.170000,0.172373,3.710000,-0.965496,2.182706,2.566540
7.374760,9.170000,0.172373,3.710000,-0.706794,2.258861,2.650718
7.425697,9.170000,0.172373,3.710000,-0.447553,2.320315,2.728482
7.475172,9.170000,0.172373,3.710000,-0.165909,2.356561,2.788269
7.525891,9.170000,0.172373,3.710000,0.127642,2.361246,2.832138
7.575999,9.170000,0.172373,3.710000,0.425381,2.342792,2.892281
7.626837,9.170000,0.172373,3.710000,0.703380,2.309580,2.948644
7.676238,9.170000,0.172373,3.710000,0.726818,2.306655,2.963493
7.726443,9.170000,0.172373,3.710000,0.726818,2.306655,2.963493
7.777085,9.170000,0.172373,3.710000,0.726818,2.306655,2.963493
7.827746,9.170000,0.172373,3.710000,0.726818,2.306655,2.963493
7.877060,9.170000,0.172373,3.710000,0.726818,2.306655,2.963493
7.927168,9.170000,0.172373,3.710000,0.485090,2.347775,2.833696
7.978639,9.170000,0.172373,3.710000,0.234021,2.385087,2.712788
8.029090,9.170000,0.172373,3.710000,-0.031553,2.412757,2.583984
8.078658,9.170000,0.172373,3.710000,-0.313013,2.423614,2.473114
8.128812,9.170000,0.172373,3.710000,-0.583196,2.413264,2.372000
8.178766,9.170000,0.172373,3.710000,-0.835937,2.379899,2.293729
8.229632,9.170000,0.172373,3.710000,-1.087794,2.328555,2.267215
8.279072,9.170000,0.172373,3.710000,-1.300307,2.264236,2.287189
8.329124,9.170000,0.172373,3.710000,-1.359504,2.226131,2.378386
8.379261,9.170000,0.172373,3.710000,-1.359504,2.226131,2.378386
8.430201,9.170000,0.172373,3.710000,-1.359504,2.226131,2.378386
8.479534,9.170000,0.172373,3.710000,-1.359504,2.226131,2.378386
8.529464,9.170000,0.172373,3.710000,-1.359504,2.226131,2.378386
8.579694,9.170000,0.172373,3.710000,-1.167780,2.339725,2.420918
8.630573,9.170000,0.172373,3.710000,-0.949073,2.424025,2.442479
8.680351,9.170000,0.172373,3.710000,-0.643868,2.423390,2.448889
8.730987,9.170000,0.172373,3.710000,-0.381867,2.354391,2.389529
8.781146,9.170000,0.172373,3.710000,-0.383512,2.346730,2.271543
8.832361,9.170000,0.172373,3.710000,-0.383512,2.346730,2.271543
8.882285,9.170000,0.172373,3.710000,-0.383512,2.346730,2.271543
8.933166,9.170000,0.172373,3.710000,-0.383512,2.346730,2.271543
8.983855,9.170000,0.172373,3.710000,-0.383512,2.346730,2.271543
9.035037,9.170000,0.172373,3.710000,-0.520241,2.400038,2.471547
9.085115,9.170000,0.172373,3.710000,-0.668985,2.427459,2.666902
9.134994,9.170000,0.172373,3.710000,-0.834032,2.395805,2.853039
9.185118,9.170000,0.172373,3.710000,-1.041242,2.279690,3.000085
9.235976,9.170000,0.172373,3.710000,-1.232288,2.151801,3.003695
9.285879,9.170000,0.172373,3.710000,-1.232288,2.151801,3.003695
9.336640,9.170000,0.172373,3.710000,-1.232288,2.151801,3.003695
9.387393,9.170000,0.172373,3.710000,-1.232288,2.151801,3.003695
9.438971,9.170000,0.172373,3.710000,-1.232288,2.151801,3.003695
9.488428,9.170000,0.172373,3.710000,-0.969591,2.250724,3.028763
9.538610,9.170000,0.172373,3.710000,-0.697214,2.329384,3.067810
9.589195,9.170000,0.172373,3.710000,-0.407237,2.377979,3.132673
9.640108,9.170000,0.172373,3.710000,-0.110233,2.393655,3.193181
9.689411,9.170000,0.172373,3.710000,0.191542,2.382167,3.239190
9.739508,9.170000,0.172373,3.710000,0.482290,2.351842,3.284497
9.789880,9.170000,0.172373,3.710000,0.774919,2.305235,3.334958
9.840837,9.170000,0.172373,3.710000,1.056344,2.244815,3.398344
9.890451,9.170000,0.172373,3.710000,1.056344,2.244815,3.398344
9.941150,9.170000,0.172373,3.710000,1.056344,2.244815,3.398344
9.991796,9.170000,0.172373,3.710000,1.056344,2.244815,3.398344
10.042530,9.170000,0.172373,3.710000,1.056344,2.244815,3.398344
10.092360,9.170000,0.172373,3.710000,0.845303,2.292229,3.218453
10.143050,9.170000,0.172373,3.710000,0.648817,2.329739,3.052567
10.194210,9.170000,0.172373,3.710000,0.445237,2.349602,2.883242
10.245040,9.170000,0.172373,3.710000,0.258641,2.337714,2.707351
10.294600,9.170000,0.172373,3.710000,0.065677,2.285308,2.556511
10.344760,9.170000,0.172373,3.710000,-0.122225,2.205518,2.414718
10.395170,9.170000,0.172373,3.710000,-0.270805,2.113065,2.333904
10.446030,9.170000,0.172373,3.710000,-0.270805,2.113065,2.333904
10.495740,9.170000,0.172373,3.710000,-0.270805,2.113065,2.333904
10.547020,9.170000,0.172373,3.710000,-0.270805,2.113065,2.333904
10.597170,9.170000,0.172373,3.710000,-0.270805,2.113065,2.333904
10.649580,9.170000,0.172373,3.710000,-0.406615,2.196690,2.569083
10.698380,9.170000,0.172373,3.710000,-0.558668,2.278970,2.797340
10.749060,9.170000,0.172373,3.710000,-0.699228,2.341968,3.004372
10.799600,9.170000,0.172373,3.710000,-0.832646,2.381011,3.208381
10.850490,9.170000,0.172373,3.710000,-0.987955,2.382738,3.387048
10.900360,9.170000,0.172373,3.710000,-1.111436,2.351992,3.494267
10.950910,9.170000,0.172373,3.710000,-1.197798,2.329270,3.489567
11.001500,9.170000,0.172373,3.710000,-1.197798,2.329270,3.489567
11.052910,9.170000,0.172373,3.710000,-1.197798,2.329270,3.489567
11.102640,9.170000,0.172373,3.710000,-1.197798,2.329270,3.489567
11.152700,9.170000,0.172373,3.710000,-1.197798,2.329270,3.489567
11.203800,9.170000,0.172373,3.710000,-0.926352,2.370417,3.416308
11.254660,9.170000,0.172373,3.710000,-0.639031,2.409382,3.316642
11.303870,9.170000,0.172373,3.710000,-0.358308,2.439374,3.200798
11.354280,9.170000,0.172373,3.710000,-0.091347,2.457448,3.075963
11.404210,9.170000,0.172373,3.710000,0.168835,2.462180,2.921748
11.455170,9.170000,0.172373,3.710000,0.405119,2.451354,2.737893
11.505410,9.170000,0.172373,3.710000,0.643374,2.424279,2.548267
11.555360,9.170000,0.172373,3.710000,0.854187,2.388639,2.335761
11.606970,9.170000,0.172373,3.710000,1.062510,2.343560,2.125070
11.657860,9.170000,0.172373,3.710000,1.281905,2.286752,1.914050
11.707600,9.170000,0.172373,3.710000,1.269610,2.283431,1.886235
11.757770,9.170000,0.172373,3.710000,1.269610,2.283431,1.886235
11.807710,9.170000,0.172373,3.710000,1.269610,2.283431,1.886235
11.858550,9.170000,0.172373,3.710000,1.269610,2.283431,1.886235
11.908010,9.170000,0.172373,3.710000,1.269610,2.283431,1.886235
11.958040,9.170000,0.172373,3.710000,1.064250,2.357763,2.050980
12.008130,9.170000,0.172373,3.710000,0.844759,2.421748,2.200793
12.058920,9.170000,0.172373,3.710000,0.620363,2.462121,2.396559
12.108670,9.170000,0.172373,3.710000,0.370301,2.474730,2.570321
12.158820,9.170000,0.172373,3.710000,0.151959,2.460060,2.773369
12.208740,9.170000,0.172373,3.710000,-0.048387,2.422035,2.994583
12.259890,9.170000,0.172373,3.710000,-0.224650,2.363470,3.229597
12.309050,9.170000,0.172373,3.710000,-0.368161,2.300339,3.493373
12.359200,9.170000,0.172373,3.710000,-0.368161,2.300339,3.493373
12.409940,9.170000,0.172373,3.710000,-0.368161,2.300339,3.493373
12.460790,9.170000,0.172373,3.710000,-0.368161,2.300339,3.493373
12.510040,9.170000,0.172373,3.710000,-0.368161,2.300339,3.493373
12.560600,9.170000,0.172373,3.710000,-0.322637,2.346370,3.252571
12.610780,9.170000,0.172373,3.710000,-0.293460,2.375515,2.987695
12.662360,9.170000,0.172373,3.710000,-0.295980,2.368407,2.704115
12.711740,9.170000,0.172373,3.710000,-0.343384,2.315779,2.402869
12.762340,9.170000,0.172373,3.710000,-0.423686,2.229885,2.130941
12.812470,9.170000,0.172373,3.710000,-0.506497,2.121800,1.859553
12.863400,9.170000,0.172373,3.710000,-0.550711,2.103198,1.786401
12.912650,9.170000,0.172373,3.710000,-0.550711,2.103198,1.786401
12.963440,9.170000,0.172373,3.710000,-0.550711,2.103198,1.786401
13.014240,9.170000,0.172373,3.710000,-0.550711,2.103198,1.786401
13.065670,9.170000,0.172373,3.710000,-0.550711,2.103198,1.786401
13.115020,9.170000,0.172373,3.710000,-0.450949,2.196635,2.022955
13.165610,9.170000,0.172373,3.710000,-0.306050,2.267985,2.219439
13.216530,9.170000,0.172373,3.710000,-0.190007,2.302651,2.462663
13.267660,9.170000,0.172373,3.710000,-0.107921,2.274076,2.744588
13.316860,9.170000,0.172373,3.710000,-0.031781,2.199599,3.006364
13.367150,9.170000,0.172373,3.710000,-0.041028,2.153768,3.086333
13.416920,9.170000,0.172373,3.710000,-0.041028,2.153768,3.086333
13.468140,9.170000,0.172373,3.710000,-0.041028,2.153768,3.086333
13.518000,9.170000,0.172373,3.710000,-0.041028,2.153768,3.086333
13.568760,9.170000,0.172373,3.710000,-0.041028,2.153768,3.086333
13.619040,9.170000,0.172373,3.710000,-0.033116,2.237845,3.271653
13.670690,9.170000,0.172373,3.710000,0.002246,2.279608,3.423425
13.720050,9.170000,0.172373,3.710000,0.079252,2.138496,3.630487
13.770850,9.170000,0.172373,3.710000,0.079252,2.138496,3.630487
13.821470,9.170000,0.172373,3.710000,0.079252,2.138496,3.630487
13.875520,9.170000,0.172373,3.710000,0.079252,2.138496,3.630487
13.923200,9.170000,0.172373,3.710000,0.079252,2.138496,3.630487
13.973340,9.170000,0.172373,3.710000,-0.072091,2.220374,3.422284
14.023770,9.170000,0.172373,3.710000,-0.240249,2.300447,3.204305
14.074620,9.170000,0.172373,3.710000,-0.410105,2.366785,2.984554
14.124400,9.170000,0.172373,3.710000,-0.610332,2.410055,2.766166
14.174700,9.170000,0.172373,3.710000,-0.801723,2.422735,2.537212
14.225590,9.170000,0.172373,3.710000,-1.010643,2.410094,2.319840
14.276600,9.170000,0.172373,3.710000,-1.212318,2.377792,2.092862
14.326720,9.170000,0.172373,3.710000,-1.305143,2.351461,1.971664
14.377030,9.170000,0.172373,3.710000,-1.305143,2.351461,1.971664
14.427100,9.170000,0.172373,3.710000,-1.305143,2.351461,1.971664
14.478610,9.170000,0.172373,3.710000,-1.305143,2.351461,1.971664
14.528000,9.170000,0.172373,3.710000,-1.305143,2.351461,1.971664
14.578250,9.170000,0.172373,3.710000,-1.227287,2.411977,2.038037
14.628690,9.170000,0.172373,3.710000,-1.199475,2.398145,2.128639
14.679520,9.170000,0.172373,3.710000,-1.235135,2.242705,2.248714
14.728840,9.170000,0.172373,3.710000,-1.235135,2.242705,2.248714
14.779000,9.170000,0.172373,3.710000,-1.235135,2.242705,2.248714
14.829670,9.170000,0.172373,3.710000,-1.235135,2.242705,2.248714
14.880490,9.170000,0.172373,3.710000,-1.235135,2.242705,2.248714
14.930570,9.170000,0.172373,3.710000,-1.125656,2.340855,2.464729
14.981230,9.170000,0.172373,3.710000,-1.006524,2.417824,2.702218
15.031270,9.170000,0.172373,3.710000,-0.860542,2.455522,2.962815
15.083300,9.170000,0.172373,3.710000,-0.725921,2.438719,3.230669
15.132590,9.170000,0.172373,3.710000,-0.623182,2.385895,3.520692
15.183270,9.170000,0.172373,3.710000,-0.568465,2.334561,3.806742
15.233390,9.170000,0.172373,3.710000,-0.568465,2.334561,3.806742
15.284260,9.170000,0.172373,3.710000,-0.568465,2.334561,3.806742
15.333560,9.170000,0.172373,3.710000,-0.568465,2.334561,3.806742
15.384450,9.170000,0.172373,3.710000,-0.568465,2.334561,3.806742
15.434770,9.170000,0.172373,3.710000,-0.510904,2.389009,3.639602
15.485700,9.170000,0.172373,3.710000,-0.388817,2.389374,3.465387
15.535380,9.170000,0.172373,3.710000,-0.166422,2.262264,3.298791
15.585870,9.170000,0.172373,3.710000,0.057244,2.139232,3.235386
15.639330,9.170000,0.172373,3.710000,0.057244,2.139232,3.235386
15.689990,9.170000,0.172373,3.710000,0.057244,2.139232,3.235386
15.737810,9.170000,0.172373,3.710000,0.057244,2.139232,3.235386
15.788840,9.170000,0.172373,3.710000,0.057244,2.139232,3.235386
15.838910,9.170000,0.172373,3.710000,-0.151364,2.246161,3.365259
15.889890,9.170000,0.172373,3.710000,-0.341370,2.330899,3.520939
15.940400,9.170000,0.172373,3.710000,-0.525501,2.373872,3.746527
15.990220,9.170000,0.172373,3.710000,-0.694990,2.348963,3.993218
16.041290,9.170000,0.172373,3.710000,-0.823600,2.282399,4.197193
16.092250,9.170000,0.172373,3.710000,-0.795752,2.252646,4.309948
16.141460,9.170000,0.172373,3.710000,-0.795752,2.252646,4.309948
16.191550,9.170000,0.172373,3.710000,-0.795752,2.252646,4.309948
16.242240,9.170000,0.172373,3.710000,-0.795752,2.252646,4.309948
16.293790,9.170000,0.172373,3.710000,-0.795752,2.252646,4.309948
16.343430,9.170000,0.172373,3.710000,-0.638742,2.301348,4.081141
16.393880,9.170000,0.172373,3.710000,-0.489245,2.338627,3.826259
16.444360,9.170000,0.172373,3.710000,-0.362459,2.359262,3.552210
16.495240,9.170000,0.172373,3.710000,-0.244749,2.362524,3.273125
16.544510,9.170000,0.172373,3.710000,-0.130210,2.348266,2.990539
16.595310,9.170000,0.172373,3.710000,-0.020024,2.318209,2.717843
16.645610,9.170000,0.172373,3.710000,0.096606,2.270573,2.440321
16.696850,9.170000,0.172373,3.710000,0.219200,2.206642,2.172033
16.746290,9.170000,0.172373,3.710000,0.371305,2.123395,1.918128
16.796330,9.170000,0.172373,3.710000,0.371305,2.123395,1.918128
16.846410,9.170000,0.172373,3.710000,0.371305,2.123395,1.918128
16.897200,9.170000,0.172373,3.710000,0.371305,2.123395,1.918128
16.946670,9.170000,0.172373,3.710000,0.371305,2.123395,1.918128
16.996760,9.170000,0.172373,3.710000,0.374814,2.213322,2.177291
17.046840,9.170000,0.172373,3.710000,0.379297,2.295743,2.456118
17.097720,9.170000,0.172373,3.710000,0.389249,2.360137,2.746223
17.146910,9.170000,0.172373,3.710000,0.410832,2.396202,3.040174
17.197170,9.170000,0.172373,3.710000,0.435419,2.399123,3.334266
17.248110,9.170000,0.172373,3.710000,0.441677,2.380863,3.635200
17.299410,9.170000,0.172373,3.710000,0.439488,2.347419,3.938986
17.348740,9.170000,0.172373,3.710000,0.454923,2.343392,3.982856
17.399140,9.170000,0.172373,3.710000,0.454923,2.343392,3.982856
17.449180,9.170000,0.172373,3.710000,0.454923,2.343392,3.982856
17.500670,9.170000,0.172373,3.710000,0.454923,2.343392,3.982856
17.550890,9.170000,0.172373,3.710000,0.454923,2.343392,3.982856
17.601210,9.170000,0.172373,3.710000,0.263637,2.398543,3.908685
17.652110,9.170000,0.172373,3.710000,0.032832,2.427294,3.787411
17.703090,9.170000,0.172373,3.710000,-0.209975,2.396157,3.604730
17.753180,9.170000,0.172373,3.710000,-0.444286,2.333761,3.418341
17.804290,9.170000,0.172373,3.710000,-0.681524,2.275604,3.243218
17.855090,9.170000,0.172373,3.710000,-0.681524,2.275604,3.243218
17.906030,9.170000,0.172373,3.710000,-0.681524,2.275604,3.243218
17.955590,9.170000,0.172373,3.710000,-0.681524,2.275604,3.243218
18.005730,9.170000,0.172373,3.710000,-0.681524,2.275604,3.243218
18.056910,9.170000,0.172373,3.710000,-0.670908,2.362201,2.993122
18.107910,9.170000,0.172373,3.710000,-0.683113,2.433882,2.714632
18.157280,9.170000,0.172373,3.710000,-0.713944,2.472786,2.416991
18.207860,9.170000,0.172373,3.710000,-0.772975,2.463402,2.129287
18.257770,9.170000,0.172373,3.710000,-0.849026,2.415768,1.839338
18.309470,9.170000,0.172373,3.710000,-0.921524,2.356877,1.554814
18.359670,9.170000,0.172373,3.710000,-0.985818,2.329334,1.441683
18.410000,9.170000,0.172373,3.710000,-0.985818,2.329334,1.441683
18.460100,9.170000,0.172373,3.710000,-0.985818,2.329334,1.441683
18.511370,9.170000,0.172373,3.710000,-0.985818,2.329334,1.441683
18.561450,9.170000,0.172373,3.710000,-0.985818,2.329334,1.441683
18.611430,9.170000,0.172373,3.710000,-0.774981,2.370904,1.625640
18.661440,9.170000,0.172373,3.710000,-0.558152,2.404465,1.813056
18.712840,9.170000,0.172373,3.710000,-0.344328,2.424693,2.010459
18.763270,9.170000,0.172373,3.710000,-0.137433,2.426476,2.236430
18.813200,9.170000,0.172373,3.710000,0.055922,2.408951,2.468506
18.863460,9.170000,0.172373,3.710000,0.234910,2.370934,2.705730
18.914300,9.170000,0.172373,3.710000,0.382968,2.318923,2.963259
18.964190,9.170000,0.172373,3.710000,0.529443,2.251268,3.222098
19.014350,9.170000,0.172373,3.710000,0.686690,2.173673,3.464728
19.064600,9.170000,0.172373,3.710000,0.854338,2.103706,3.674268
19.116380,9.170000,0.172373,3.710000,0.854338,2.103706,3.674268
19.166910,9.170000,0.172373,3.710000,0.854338,2.103706,3.674268
19.217330,9.170000,0.172373,3.710000,0.854338,2.103706,3.674268
19.267910,9.170000,0.172373,3.710000,0.854338,2.103706,3.674268
19.319350,9.170000,0.172373,3.710000,0.596890,2.171813,3.546398
19.368920,9.170000,0.172373,3.710000,0.325079,2.237297,3.415768
19.419110,9.170000,0.172373,3.710000,0.049670,2.282505,3.313002
19.469960,9.170000,0.172373,3.710000,-0.226032,2.320489,3.197960
19.522170,9.170000,0.172373,3.710000,-0.505360,2.345570,3.077804
19.571420,9.170000,0.172373,3.710000,-0.793656,2.349512,2.955201
19.622380,9.170000,0.172373,3.710000,-1.055602,2.323459,2.820970
19.673340,9.170000,0.172373,3.710000,-1.312512,2.260920,2.667487
19.724780,9.170000,0.172373,3.710000,-1.518484,2.184006,2.506478
19.774310,9.170000,0.172373,3.710000,-1.638226,2.131235,2.391106
19.824460,9.170000,0.172373,3.710000,-1.638226,2.131235,2.391106
19.874730,9.170000,0.172373,3.710000,-1.638226,2.131235,2.391106
19.925850,9.170000,0.172373,3.710000,-1.638226,2.131235,2.391106
19.975500,9.170000,0.172373,3.710000,-1.638226,2.131235,2.391106
20.026730,9.170000,0.172373,3.710000,-1.402681,2.200325,2.274489
20.077660,9.170000,0.172373,3.710000,-1.140064,2.262757,2.145411
20.128640,9.170000,0.172373,3.710000,-0.868699,2.306484,2.012002
20.178940,9.170000,0.172373,3.710000,-0.592172,2.324016,1.882398
20.229010,9.170000,0.172373,3.710000,-0.330552,2.313720,1.732281
20.280270,9.170000,0.172373,3.710000,-0.061785,2.281147,1.602091
20.331560,9.170000,0.172373,3.710000,0.182193,2.234267,1.440725
20.381130,9.170000,0.172373,3.710000,0.262295,2.222663,1.406600
20.431510,9.170000,0.172373,3.710000,0.262295,2.222663,1.406600
20.482160,9.170000,0.172373,3.710000,0.262295,2.222663,1.406600
20.533030,9.170000,0.172373,3.710000,0.262295,2.222663,1.406600
20.582270,9.170000,0.172373,3.710000,0.262295,2.222663,1.406600
20.632190,9.170000,0.172373,3.710000,0.287322,2.332913,1.608268
20.682320,9.170000,0.172373,3.710000,0.300311,2.418149,1.843524
20.733740,9.170000,0.172373,3.710000,0.320052,2.436681,2.143037
20.783540,9.170000,0.172373,3.710000,0.322964,2.381785,2.446652
20.833560,9.170000,0.172373,3.710000,0.293528,2.348578,2.533180
20.884420,9.170000,0.172373,3.710000,0.293528,2.348578,2.533180
20.935010,9.170000,0.172373,3.710000,0.293528,2.348578,2.533180
20.985400,9.170000,0.172373,3.710000,0.293528,2.348578,2.533180
21.035930,9.170000,0.172373,3.710000,0.293528,2.348578,2.533180
21.086240,9.170000,0.172373,3.710000,0.067816,2.425367,2.488368
21.137080,9.170000,0.172373,3.710000,-0.133478,2.462523,2.488708
21.187020,9.170000,0.172373,3.710000,-0.339188,2.420009,2.566256
21.237630,9.170000,0.172373,3.710000,-0.407101,2.305448,2.693141
21.287980,9.170000,0.172373,3.710000,-0.407101,2.305448,2.693141
21.339490,9.170000,0.172373,3.710000,-0.407101,2.305448,2.693141
21.389740,9.170000,0.172373,3.710000,-0.407101,2.305448,2.693141
21.440200,9.170000,0.172373,3.710000,-0.407101,2.305448,2.693141
21.491300,9.170000,0.172373,3.710000,-0.536961,2.395322,2.518763
21.541960,9.170000,0.172373,3.710000,-0.707112,2.454228,2.384830
21.591180,9.170000,0.172373,3.710000,-0.941675,2.413821,2.284574
21.642460,9.170000,0.172373,3.710000,-1.085398,2.305138,2.346114
21.693070,9.170000,0.172373,3.710000,-1.085398,2.305138,2.346114
21.744010,9.170000,0.172373,3.710000,-1.085398,2.305138,2.346114
21.793310,9.170000,0.172373,3.710000,-1.085398,2.305138,2.346114
21.843290,9.170000,0.172373,3.710000,-1.085398,2.305138,2.346114
21.893380,9.170000,0.172373,3.710000,-0.894390,2.354258,2.493474
21.945110,9.170000,0.172373,3.710000,-0.695455,2.382463,2.672166
21.994980,9.170000,0.172373,3.710000,-0.470180,2.372702,2.885494
22.046720,9.170000,0.172373,3.710000,-0.250703,2.331122,3.084569
22.096870,9.170000,0.172373,3.710000,-0.019083,2.265027,3.280361
22.148310,9.170000,0.172373,3.710000,0.198953,2.196656,3.476163
22.197920,9.170000,0.172373,3.710000,0.403769,2.142579,3.700635
22.248490,9.170000,0.172373,3.710000,0.403769,2.142579,3.700635
22.298960,9.170000,0.172373,3.710000,0.403769,2.142579,3.700635
22.350410,9.170000,0.172373,3.710000,0.403769,2.142579,3.700635
22.399650,9.170000,0.172373,3.710000,0.403769,2.142579,3.700635
22.449850,9.170000,0.172373,3.710000,0.566301,2.247602,3.593684
22.499790,9.170000,0.172373,3.710000,0.727128,2.318618,3.420362
22.550650,9.170000,0.172373,3.710000,0.873658,2.307504,3.159276
22.600540,9.170000,0.172373,3.710000,0.994494,2.241029,2.887072
22.651810,9.170000,0.172373,3.710000,1.003116,2.184710,2.628758
22.701750,9.170000,0.172373,3.710000,1.003116,2.184710,2.628758
22.752710,9.170000,0.172373,3.710000,1.003116,2.184710,2.628758
22.802820,9.170000,0.172373,3.710000,1.003116,2.184710,2.628758
22.853700,9.170000,0.172373,3.710000,1.003116,2.184710,2.628758
22.903580,9.170000,0.172373,3.710000,0.833052,2.245141,2.831390
22.954300,9.170000,0.172373,3.710000,0.650204,2.292876,3.025775
23.004030,9.170000,0.172373,3.710000,0.429043,2.317043,3.209807
23.054250,9.170000,0.172373,3.710000,0.173820,2.306509,3.364072
23.104210,9.170000,0.172373,3.710000,-0.101507,2.262685,3.478317
23.155960,9.170000,0.172373,3.710000,-0.389820,2.207335,3.538796
23.206010,9.170000,0.172373,3.710000,-0.694106,2.158415,3.576748
23.256170,9.170000,0.172373,3.710000,-0.694106,2.158415,3.576748
23.306170,9.170000,0.172373,3.710000,-0.694106,2.158415,3.576748
23.357470,9.170000,0.172373,3.710000,-0.694106,2.158415,3.576748
23.408050,9.170000,0.172373,3.710000,-0.694106,2.158415,3.576748
23.458500,9.170000,0.172373,3.710000,-0.450667,2.256770,3.653944
23.508820,9.170000,0.172373,3.710000,-0.181639,2.341874,3.745958
23.559570,9.170000,0.172373,3.710000,0.096670,2.400184,3.847487
23.609540,9.170000,0.172373,3.710000,0.382543,2.424487,3.949446
23.659700,9.170000,0.172373,3.710000,0.666081,2.412505,4.046168
23.710490,9.170000,0.172373,3.710000,0.935685,2.375906,4.093616
23.762120,9.170000,0.172373,3.710000,1.097342,2.352611,4.132627
23.811780,9.170000,0.172373,3.710000,1.097342,2.352611,4.132627
23.862700,9.170000,0.172373,3.710000,1.097342,2.352611,4.132627
23.913020,9.170000,0.172373,3.710000,1.097342,2.352611,4.132627
23.964020,9.170000,0.172373,3.710000,1.097342,2.352611,4.132627
24.014270,9.170000,0.172373,3.710000,0.965287,2.398699,3.879957
24.064290,9.170000,0.172373,3.710000,0.847165,2.440493,3.626801
24.114490,9.170000,0.172373,3.710000,0.727159,2.472555,3.373601
24.165920,9.170000,0.172373,3.710000,0.616838,2.489658,3.098974
24.216610,9.170000,0.172373,3.710000,0.534164,2.487014,2.801664
24.266890,9.170000,0.172373,3.710000,0.489158,2.462741,2.501839
24.316890,9.170000,0.172373,3.710000,0.453575,2.418574,2.220560
24.368260,9.170000,0.172373,3.710000,0.418357,2.363564,1.990405
24.417630,9.170000,0.172373,3.710000,0.385318,2.312975,1.766652
24.467810,9.170000,0.172373,3.710000,0.385318,2.312975,1.766652
24.518260,9.170000,0.172373,3.710000,0.385318,2.312975,1.766652
24.569300,9.170000,0.172373,3.710000,0.385318,2.312975,1.766652
24.619130,9.170000,0.172373,3.710000,0.385318,2.312975,1.766652
24.670060,9.170000,0.172373,3.710000,0.213342,2.380611,1.971107
24.721080,9.170000,0.172373,3.710000,0.057209,2.438108,2.167564
24.772360,9.170000,0.172373,3.710000,-0.100183,2.469719,2.361523
24.821850,9.170000,0.172373,3.710000,-0.254551,2.455807,2.578619
24.872470,9.170000,0.172373,3.710000,-0.407040,2.393315,2.792008
24.923330,9.170000,0.172373,3.710000,-0.568920,2.301160,2.955599
24.974330,9.170000,0.172373,3.710000,-0.603474,2.263020,3.002442
25.023610,9.170000,0.172373,3.710000,-0.603474,2.263020,3.002442
25.073970,9.170000,0.172373,3.710000,-0.603474,2.263020,3.002442
25.124010,9.170000,0.172373,3.710000,-0.603474,2.263020,3.002442
25.177440,9.170000,0.172373,3.710000,-0.603474,2.263020,3.002442
25.224390,9.170000,0.172373,3.710000,-0.371532,2.318213,3.113848
25.274320,9.170000,0.172373,3.710000,-0.196095,2.345923,3.257776
25.324330,9.170000,0.172373,3.710000,-0.009637,2.328184,3.461853
25.375970,9.170000,0.172373,3.710000,-0.008204,2.171592,3.488057
25.425600,9.170000,0.172373,3.710000,0.013661,2.103973,3.666920
25.475590,9.170000,0.172373,3.710000,0.013661,2.103973,3.666920
25.526530,9.170000,0.172373,3.710000,0.013661,2.103973,3.666920
25.577470,9.170000,0.172373,3.710000,0.013661,2.103973,3.666920
25.627570,9.170000,0.172373,3.710000,0.013661,2.103973,3.666920
25.677730,9.170000,0.172373,3.710000,0.146390,2.204483,3.480306
25.727560,9.170000,0.172373,3.710000,0.281584,2.279978,3.318017
25.778620,9.170000,0.172373,3.710000,0.463520,2.286183,3.177516
25.829070,9.170000,0.172373,3.710000,0.616978,2.188615,3.091460
25.878640,9.170000,0.172373,3.710000,0.596545,2.165075,3.255458
25.928720,9.170000,0.172373,3.710000,0.596545,2.165075,3.255458
25.979760,9.170000,0.172373,3.710000,0.596545,2.165075,3.255458
26.028850,9.170000,0.172373,3.710000,0.596545,2.165075,3.255458
26.079450,9.170000,0.172373,3.710000,0.596545,2.165075,3.255458
26.129540,9.170000,0.172373,3.710000,0.596545,2.165075,3.255458
26.180720,9.170000,0.172373,3.710000,0.333437,2.225721,3.311858
26.230590,9.170000,0.172373,3.710000,0.065209,2.279578,3.366036
26.281340,9.170000,0.172373,3.710000,-0.203227,2.314406,3.399538
26.331510,9.170000,0.172373,3.710000,-0.492985,2.321418,3.441443
26.382720,9.170000,0.172373,3.710000,-0.758846,2.293570,3.496282
26.432490,9.170000,0.172373,3.710000,-0.978994,2.238203,3.579858
26.483000,9.170000,0.172373,3.710000,-1.182267,2.178492,3.695736
26.533400,9.170000,0.172373,3.710000,-1.182267,2.178492,3.695736
26.584150,9.170000,0.172373,3.710000,-1.182267,2.178492,3.695736
26.633900,9.170000,0.172373,3.710000,-1.182267,2.178492,3.695736
26.684590,9.170000,0.172373,3.710000,-1.182267,2.178492,3.695736
26.735070,9.170000,0.172373,3.710000,-1.157336,2.308723,3.859137
26.786200,9.170000,0.172373,3.710000,-1.097591,2.402628,4.047178
26.835310,9.170000,0.172373,3.710000,-0.963540,2.359676,4.295971
26.886070,9.170000,0.172373,3.710000,-0.853285,2.351961,4.248092
26.936120,9.170000,0.172373,3.710000,-0.853285,2.351961,4.248092
26.987480,9.170000,0.172373,3.710000,-0.853285,2.351961,4.248092
27.036860,9.170000,0.172373,3.710000,-0.853285,2.351961,4.248092
27.086800,9.170000,0.172373,3.710000,-0.853285,2.351961,4.248092
27.137800,9.170000,0.172373,3.710000,-0.611312,2.406365,4.259044
27.189580,9.170000,0.172373,3.710000,-0.404324,2.444102,4.248298
27.239430,9.170000,0.172373,3.710000,-0.115915,2.451618,4.363599
27.289580,9.170000,0.172373,3.710000,0.166805,2.419504,4.455653
27.340190,9.170000,0.172373,3.710000,0.444116,2.323353,4.505819
27.391040,9.170000,0.172373,3.710000,0.459262,2.277616,4.435645
27.440830,9.170000,0.172373,3.710000,0.459262,2.277616,4.435645
27.491220,9.170000,0.172373,3.710000,0.459262,2.277616,4.435645
27.542020,9.170000,0.172373,3.710000,0.459262,2.277616,4.435645
27.593210,9.170000,0.172373,3.710000,0.459262,2.277616,4.435645
27.643290,9.170000,0.172373,3.710000,0.247009,2.355110,4.263990
27.693200,9.170000,0.172373,3.710000,0.061803,2.419209,4.051388
27.744000,9.170000,0.172373,3.710000,-0.083481,2.460907,3.792880
27.794800,9.170000,0.172373,3.710000,-0.202071,2.474565,3.512407
27.844260,9.170000,0.172373,3.710000,-0.289825,2.462633,3.220799
27.894810,9.170000,0.172373,3.710000,-0.363986,2.433219,2.934960
27.945350,9.170000,0.172373,3.710000,-0.401060,2.390775,2.636922
27.996980,9.170000,0.172373,3.710000,-0.425405,2.345033,2.338154
28.046130,9.170000,0.172373,3.710000,-0.425405,2.345033,2.338154
28.096210,9.170000,0.172373,3.710000,-0.425405,2.345033,2.338154
28.146600,9.170000,0.172373,3.710000,-0.425405,2.345033,2.338154
28.197570,9.170000,0.172373,3.710000,-0.425405,2.345033,2.338154
28.246800,9.170000,0.172373,3.710000,-0.175740,2.385732,2.395359
28.297770,9.170000,0.172373,3.710000,0.059476,2.406359,2.431837
28.348100,9.170000,0.172373,3.710000,0.312371,2.385246,2.427434
28.401820,9.170000,0.172373,3.710000,0.583509,2.297957,2.404042
28.448740,9.170000,0.172373,3.710000,0.788184,2.154634,2.350818
28.498820,9.170000,0.172373,3.710000,0.765761,2.104288,2.319895
28.549510,9.170000,0.172373,3.710000,0.765761,2.104288,2.319895
28.600260,9.170000,0.172373,3.710000,0.765761,2.104288,2.319895
28.649590,9.170000,0.172373,3.710000,0.765761,2.104288,2.319895
28.700380,9.170000,0.172373,3.710000,0.765761,2.104288,2.319895
28.751080,9.170000,0.172373,3.710000,0.532065,2.199719,2.224036
28.802970,9.170000,0.172373,3.710000,0.265894,2.273966,2.109821
28.853020,9.170000,0.172373,3.710000,-0.021572,2.312747,1.996733
28.903800,9.170000,0.172373,3.710000,-0.307411,2.312020,1.904585
28.954720,9.170000,0.172373,3.710000,-0.596956,2.276011,1.817002
29.005790,9.170000,0.172373,3.710000,-0.889357,2.221673,1.746972
29.056020,9.069547,0.172373,3.710000,-1.167442,2.157650,1.683386
29.106890,8.967827,0.172373,3.710000,-1.167442,2.157650,1.683386
29.156980,8.867671,0.172373,3.710000,-1.167442,2.157650,1.683386
29.207890,8.765866,0.172373,3.710000,-1.167442,2.157650,1.683386
29.257600,8.666456,0.172373,3.710000,-1.167442,2.157650,1.683386
29.307760,8.566175,0.172373,3.710000,-0.922103,2.224748,1.740282
29.357740,8.466220,0.172373,3.710000,-0.662667,2.279809,1.719780
29.408590,8.364552,0.172373,3.710000,-0.400156,2.305127,1.748089
29.458610,8.264527,0.172373,3.710000,-0.097074,2.287308,1.777922
29.508900,8.163980,0.172373,3.710000,0.197456,2.229706,1.782109
29.559670,8.062453,0.172373,3.710000,0.454039,2.163990,1.815342
29.610580,7.960663,0.172373,3.710000,0.454039,2.163990,1.815342
29.659740,7.862352,0.172373,3.710000,0.454039,2.163990,1.815342
29.711150,7.759559,0.172373,3.710000,0.454039,2.163990,1.815342
29.761020,7.659846,0.172373,3.710000,0.454039,2.163990,1.815342
29.811580,7.558746,0.172373,3.710000,0.509663,2.253281,2.073402
29.861100,7.459743,0.172373,3.710000,0.556511,2.334590,2.352906
29.911450,7.359078,0.172373,3.710000,0.599729,2.396578,2.638307
29.963910,7.254183,0.172373,3.710000,0.649185,2.431910,2.928931
30.012190,7.157642,0.172373,3.710000,0.732664,2.433283,3.224335
30.061600,7.058867,0.172373,3.710000,0.845198,2.407392,3.459639
30.112060,6.957959,0.172373,3.710000,1.018290,2.366428,3.666635
30.162610,6.856902,0.172373,3.710000,1.117004,2.352401,3.699836
30.213760,6.754624,0.172373,3.710000,1.117004,2.352401,3.699836
30.264230,6.653731,0.172373,3.710000,1.117004,2.352401,3.699836
30.314320,6.553584,0.172373,3.710000,1.117004,2.352401,3.699836
30.364900,6.452456,0.172373,3.710000,1.117004,2.352401,3.699836
30.415400,6.351493,0.172373,3.710000,0.984588,2.421370,3.792872
30.467530,6.247281,0.172373,3.710000,0.843323,2.443847,3.938465
30.517680,6.147008,0.172373,3.710000,0.648658,2.307050,4.141461
30.567840,6.046735,0.172373,3.710000,0.595566,2.285719,4.169933
30.618560,5.945331,0.172373,3.710000,0.595566,2.285719,4.169933
30.670100,5.842296,0.172373,3.710000,0.595566,2.285719,4.169933
30.719660,5.743211,0.172373,3.710000,0.595566,2.285719,4.169933
30.770420,5.641756,0.172373,3.710000,0.595566,2.285719,4.169933
30.820760,5.541118,0.172373,3.710000,0.632613,2.364509,3.907779
30.871650,5.439384,0.172373,3.710000,0.670956,2.429135,3.649634
30.921070,5.340589,0.172373,3.710000,0.694314,2.466666,3.371650
30.972290,5.238202,0.172373,3.710000,0.706843,2.459025,3.107176
31.023110,5.136635,0.172373,3.710000,0.717721,2.399249,2.880379
31.073680,5.035542,0.172373,3.710000,0.751426,2.313578,2.686707
31.123260,4.936440,0.172373,3.710000,0.800079,2.293296,2.767152
31.173190,4.836633,0.172373,3.710000,0.800079,2.293296,2.767152
31.223180,4.736736,0.172373,3.710000,0.800079,2.293296,2.767152
31.274020,4.635104,0.172373,3.710000,0.800079,2.293296,2.767152
31.323810,4.535612,0.172373,3.710000,0.800079,2.293296,2.767152
31.374280,4.434754,0.172373,3.710000,0.746738,2.346489,2.898119
31.424680,4.334020,0.172373,3.710000,0.653541,2.332298,3.030150
31.476040,4.231388,0.172373,3.710000,0.468861,2.139936,3.172831
31.525470,4.132595,0.172373,3.710000,0.468861,2.139936,3.172831
31.575510,4.032615,0.172373,3.710000,0.468861,2.139936,3.172831
31.626130,3.931480,0.172373,3.710000,0.468861,2.139936,3.172831
31.676850,3.830142,0.172373,3.710000,0.468861,2.139936,3.172831
31.726440,3.731044,0.172373,3.710000,0.349577,2.249454,3.358625
31.776630,3.630777,0.172373,3.710000,0.209984,2.327984,3.542068
31.826690,3.530788,0.172373,3.710000,0.022428,2.338044,3.733256
31.877410,3.429465,0.172373,3.710000,-0.176868,2.263215,3.907148
31.927630,3.329161,0.172373,3.710000,-0.310820,2.220775,3.912590
31.977840,3.228866,0.172373,3.710000,-0.310820,2.220775,3.912590
32.027830,3.129041,0.172373,3.710000,-0.310820,2.220775,3.912590
32.079030,3.026811,0.172373,3.710000,-0.310820,2.220775,3.912590
32.128870,2.927281,0.172373,3.710000,-0.310820,2.220775,3.912590
32.179560,2.826088,0.172373,3.710000,-0.056151,2.275370,3.906821
32.229500,2.726400,0.172373,3.710000,0.196365,2.316172,3.881568
32.280990,2.623641,0.172373,3.710000,0.430793,2.328261,4.067797
32.331360,2.523115,0.172373,3.710000,0.731168,2.309081,4.137338
32.381710,2.422652,0.172373,3.710000,1.021836,2.241329,4.089606
32.431890,2.322566,0.180818,3.710000,1.258974,2.146933,4.000823
32.482870,2.220921,0.180890,3.710000,1.235584,2.124551,3.914737
32.532270,2.122467,0.180959,3.710000,1.235584,2.124551,3.914737
32.582550,2.022276,0.181030,3.710000,1.235584,2.124551,3.914737
32.633190,1.921423,0.181102,3.710000,1.235584,2.124551,3.914737
32.683820,1.820635,0.181173,3.710000,1.235584,2.124551,3.914737
32.733270,1.722250,0.181243,3.710000,1.020852,2.228570,3.792799
32.783970,1.621439,0.181314,3.710000,0.757238,2.312054,3.685249
32.834120,1.521810,0.181384,3.710000,0.476977,2.363902,3.578918
32.884970,1.420870,0.181456,3.710000,0.199573,2.389986,3.465391
32.935230,1.321211,0.181526,3.710000,-0.080568,2.398534,3.344809
32.985440,1.257309,0.181677,3.757629,-0.362100,2.396512,3.236692
33.036620,1.195556,0.181819,3.830430,-0.645396,2.387803,3.134676
33.087300,1.095977,0.181929,3.819961,-0.935949,2.376002,3.036064
33.136640,0.999276,0.181975,3.809795,-0.935949,2.376002,3.036064
33.188050,0.930731,0.182008,3.802589,-0.935949,2.376002,3.036064
33.241150,0.883608,0.182026,3.795907,-0.935949,2.376002,3.036064
33.289520,0.815308,0.182052,3.785830,-0.935949,2.376002,3.036064
33.338920,0.733828,0.182083,3.773908,-1.028237,2.423182,2.834538
33.389690,0.674120,0.182083,3.751568,-1.137757,2.453152,2.619989
33.441010,0.620433,0.182076,3.723766,-1.253403,2.433141,2.364508
33.491310,0.588757,0.182052,3.688119,-1.401512,2.345946,2.109090
33.542970,0.518445,0.182012,3.673089,-1.495472,2.245944,1.899348
33.592690,0.518445,0.182012,3.673089,-1.495472,2.245944,1.899348
33.643310,0.518445,0.182012,3.673089,-1.495472,2.245944,1.899348
33.693830,0.518445,0.182012,3.673089,-1.495472,2.245944,1.899348
33.744970,0.518445,0.182012,3.673089,-1.495472,2.245944,1.899348
33.794230,0.518445,0.182012,3.673089,-1.349513,2.319358,2.143065
33.844820,0.518445,0.182012,3.673089,-1.206190,2.383235,2.383215
33.895360,0.518445,0.182012,3.673089,-1.052586,2.435514,2.626710
33.946000,0.518445,0.182012,3.673089,-0.906377,2.467480,2.866720
33.995350,0.518445,0.182012,3.673089,-0.771699,2.474158,3.128810
34.045930,0.518445,0.182012,3.673089,-0.640962,2.456279,3.393850
34.096050,0.518445,0.182012,3.673089,-0.498914,2.413124,3.656572
34.146770,0.518445,0.182012,3.673089,-0.396056,2.356682,3.928126
34.196140,0.518445,0.182012,3.673089,-0.304962,2.307242,4.166907
34.246190,0.518445,0.182012,3.673089,-0.304962,2.307242,4.166907
34.296260,0.518445,0.182012,3.673089,-0.304962,2.307242,4.166907
34.347360,0.518445,0.182012,3.673089,-0.304962,2.307242,4.166907
34.396580,0.518445,0.182012,3.673089,-0.304962,2.307242,4.166907
34.446560,0.518445,0.182012,3.673089,-0.523682,2.356363,4.092807
34.496780,0.518445,0.182012,3.673089,-0.743701,2.380886,4.019360
34.548610,0.518445,0.182012,3.673089,-1.002103,2.346867,3.959792
34.598920,0.518445,0.182012,3.673089,-1.281495,2.231755,3.886265
34.649020,0.518445,0.182012,3.673089,-1.450959,2.110713,3.811359
34.699500,0.518445,0.182012,3.673089,-1.450959,2.110713,3.811359
34.750120,0.518445,0.182012,3.673089,-1.450959,2.110713,3.811359
34.799900,0.518445,0.182012,3.673089,-1.450959,2.110713,3.811359
34.850120,0.518445,0.182012,3.673089,-1.450959,2.110713,3.811359
34.900460,0.518445,0.182012,3.673089,-1.411858,2.191907,3.539896
34.951040,0.518445,0.182012,3.673089,-1.387580,2.262553,3.261033
35.000890,0.518445,0.182012,3.673089,-1.361987,2.315361,2.972430
35.050990,0.532549,0.182207,3.765407,-1.319696,2.342020,2.681105
35.101670,0.571710,0.182382,3.856968,-1.285857,2.337103,2.401095
35.153140,0.571710,0.182382,3.856968,-1.278586,2.300055,2.145580
35.202920,0.630686,0.182476,3.918181,-1.257889,2.237609,1.939968
35.252790,0.630686,0.182476,3.918181,-1.266728,2.176383,1.776400
35.303160,0.630686,0.182476,3.918181,-1.266728,2.176383,1.776400
35.353760,0.630686,0.182476,3.918181,-1.266728,2.176383,1.776400
35.403730,0.630686,0.182476,3.918181,-1.266728,2.176383,1.776400
35.453810,0.630686,0.182476,3.918181,-1.266728,2.176383,1.776400
35.504220,0.630686,0.182476,3.918181,-1.382075,2.242892,1.989042
35.555950,0.630686,0.182476,3.918181,-1.517400,2.292073,2.195257
35.605350,0.630686,0.182476,3.918181,-1.669836,2.298361,2.432621
35.656630,0.528160,0.182545,3.916309,-1.857556,2.242429,2.654194
35.707390,0.528010,0.182545,3.911381,-2.008392,2.156475,2.856113
35.759100,0.524574,0.182534,3.891904,-2.065966,2.146808,2.911575
35.808830,0.723820,0.182493,3.813296,-2.065966,2.146808,2.911575
35.858720,0.638470,0.182216,3.803264,-2.065966,2.146808,2.911575
35.909710,0.600138,0.182216,3.753460,-2.065966,2.146808,2.911575
35.961410,0.599744,0.182133,3.630785,-2.065966,2.146808,2.911575
36.011180,0.530252,0.181879,3.617026,-1.815570,2.235232,3.035328
36.061430,0.517008,0.181879,3.583446,-1.563586,2.313667,3.142407
36.112270,0.582008,0.181814,3.503753,-1.291098,2.378003,3.254214
36.163880,0.551903,0.181592,3.459596,-1.015269,2.419036,3.377603
36.214120,0.524327,0.181515,3.415867,-0.725748,2.430284,3.475524
36.264130,0.490677,0.181437,3.369907,-0.441812,2.416240,3.575767
36.314540,0.583971,0.181383,3.292890,-0.148933,2.385754,3.633581
36.365780,0.765793,0.181245,3.386034,0.071175,2.352792,3.656869
36.415980,0.729765,0.181200,3.370692,0.071175,2.352792,3.656869
36.466510,0.692136,0.181332,3.421635,0.071175,2.352792,3.656869
36.519120,0.586955,0.181412,3.424281,0.071175,2.352792,3.656869
36.568860,0.487510,0.181488,3.426783,0.071175,2.352792,3.656869
36.618380,0.480084,0.181554,3.454134,-0.039036,2.409746,3.445600
36.668670,0.637796,0.181554,3.544581,-0.115588,2.449405,3.251013
36.719260,0.536637,0.181717,3.546048,-0.173795,2.434345,3.024029
36.770490,0.434207,0.181793,3.547534,-0.191716,2.319251,2.834673
36.821000,0.333214,0.181868,3.548998,-0.098290,2.278881,2.838578
36.872690,0.229847,0.181944,3.550497,-0.098290,2.278881,2.838578
36.922600,0.162570,0.181944,3.669190,-0.098290,2.278881,2.838578
36.974080,0.059638,0.182329,3.669574,-0.098290,2.278881,2.838578
37.023360,-0.038916,0.182399,3.669942,-0.098290,2.278881,2.838578
37.073520,-0.139211,0.182471,3.670317,0.001400,2.383618,2.700821
37.123910,-0.233840,0.182495,3.651019,0.131733,2.447729,2.590232
37.174860,-0.310382,0.182495,3.571858,0.359759,2.336742,2.428900
37.224900,-0.394148,0.182374,3.487218,0.411636,2.327127,2.497143
37.275880,-0.368022,0.182245,3.290971,0.411636,2.327127,2.497143
37.326120,-0.468408,0.181871,3.295015,0.411636,2.327127,2.497143
37.376990,-0.570058,0.181952,3.299109,0.411636,2.327127,2.497143
37.426280,-0.668550,0.182031,3.303077,0.411636,2.327127,2.497143
37.476870,-0.769615,0.182111,3.307148,0.275158,2.374025,2.706949
37.527550,-0.870884,0.182192,3.311228,0.121759,2.404253,2.920126
37.578570,-0.972820,0.182273,3.315334,-0.039817,2.398375,3.134526
37.628300,-1.003666,0.182273,3.248897,-0.238206,2.339761,3.360155
37.678780,-0.991687,0.182148,3.189330,-0.453135,2.249496,3.546444
37.729620,-0.938820,0.182028,3.103731,-0.701785,2.151384,3.688753
37.781350,-0.724653,0.181791,3.101177,-0.912766,2.111727,3.743757
37.831460,-0.754799,0.181648,3.103004,-0.912766,2.111727,3.743757
37.882280,-0.659214,0.181657,3.137537,-0.912766,2.111727,3.743757
37.933240,-0.674763,0.181756,3.177138,-0.912766,2.111727,3.743757
37.984790,-0.592249,0.181835,3.238980,-0.912766,2.111727,3.743757
38.034130,-0.646764,0.181973,3.283983,-0.671607,2.212931,3.829435
38.084790,-0.738001,0.182090,3.307430,-0.427659,2.290573,3.921778
38.134820,-0.837949,0.182169,3.311441,-0.158309,2.334504,4.014822
38.185780,-0.939784,0.182250,3.315527,0.130994,2.326392,4.094316
38.235360,-0.986466,0.182250,3.268031,0.426016,2.270452,4.152170
38.286010,-0.858461,0.182178,3.122368,0.693068,2.202266,4.150367
38.336100,-0.938934,0.181765,3.094759,0.693068,2.202266,4.150367
38.386990,-0.958884,0.181760,2.963804,0.693068,2.202266,4.150367
38.436580,-1.057761,0.181570,2.971325,0.693068,2.202266,4.150367
38.486540,-1.157377,0.181658,2.978901,0.693068,2.202266,4.150367
38.536590,-1.257175,0.181745,2.986491,0.829102,2.272311,4.126746
38.588030,-1.266217,0.181745,2.961051,0.998493,2.282699,4.107707
38.637320,-1.130031,0.181695,2.872446,1.250014,2.113143,4.050791
38.687470,-1.229939,0.181492,2.881126,1.250014,2.113143,4.050791
38.737560,-1.329722,0.181582,2.889796,1.250014,2.113143,4.050791
38.788260,-1.430721,0.181673,2.898571,1.250014,2.113143,4.050791
38.837600,-1.498704,0.181829,2.947198,1.250014,2.113143,4.050791
38.887720,-1.398899,0.181829,3.158158,0.998638,2.177270,3.919234
38.938560,-1.500397,0.182311,3.164135,0.740418,2.241835,3.779376
38.989350,-1.601772,0.182396,3.170105,0.478561,2.305320,3.636288
39.039110,-1.848500,0.182396,3.128810,0.221960,2.361723,3.481946
39.089570,-1.949192,0.182565,3.135369,-0.031728,2.403651,3.330215
39.139570,-2.048961,0.182650,3.141869,-0.296215,2.425027,3.184391
39.190710,-2.150993,0.182737,3.148516,-0.572441,2.421737,3.067382
39.241110,-2.251553,0.182822,3.155066,-0.833729,2.390618,2.952240
39.291780,-2.352660,0.182908,3.161653,-0.982597,2.351051,2.845665
39.342010,-2.452893,0.182994,3.168183,-0.919392,2.343553,2.884822
39.392880,-2.554380,0.183080,3.174794,-0.919392,2.343553,2.884822
39.442190,-2.652770,0.183164,3.181204,-0.919392,2.343553,2.884822
39.492850,-2.753848,0.183164,3.187788,-0.919392,2.343553,2.884822
39.543040,-2.853998,0.175944,3.194313,-0.919392,2.343553,2.884822
39.594930,-2.957528,0.175944,3.201057,-0.763778,2.398562,2.747670
39.644910,-3.057245,0.175944,3.207553,-0.596485,2.421629,2.641033
39.695200,-3.157596,0.175944,3.214091,-0.354946,2.326787,2.536009
39.745770,-3.258488,0.175944,3.220663,-0.189223,2.226181,2.586020
39.796650,-3.360001,0.175944,3.227276,-0.189223,2.226181,2.586020
39.845990,-3.458456,0.175944,3.233690,-0.189223,2.226181,2.586020
39.896700,-3.559634,0.175944,3.240281,-0.189223,2.226181,2.586020
39.946710,-3.659412,0.175944,3.246781,-0.189223,2.226181,2.586020
39.998460,-3.762660,0.175944,3.253507,0.044791,2.314033,2.698704
40.047760,-3.861017,0.175944,3.259915,0.295980,2.392672,2.801880
40.098190,-3.961641,0.175944,3.266470,0.560002,2.443316,2.872522
40.148340,-4.061687,0.175944,3.272988,0.841809,2.454164,2.899959
40.199410,-4.163576,0.175944,3.279625,1.090770,2.418424,2.892132
40.249380,-4.263276,0.175944,3.286120,1.285529,2.354590,2.875434
40.299840,-4.363941,0.175944,3.292678,1.294227,2.336451,2.787977
40.351130,-4.466264,0.175944,3.299344,1.294227,2.336451,2.787977
40.402050,-4.567851,0.175944,3.305962,1.294227,2.336451,2.787977
40.451700,-4.666898,0.175944,3.312414,1.294227,2.336451,2.787977
40.502100,-4.767445,0.175944,3.318964,1.294227,2.336451,2.787977
40.553010,-4.869009,0.175944,3.325581,1.256247,2.388107,3.017092
40.603900,-4.970527,0.175944,3.332194,1.201868,2.412263,3.267329
40.653900,-5.070278,0.175944,3.338692,1.149264,2.380306,3.566395
40.704060,-5.170332,0.175944,3.345210,1.098287,2.283671,3.845818
40.754010,-5.269977,0.175944,3.351701,1.064959,2.167497,4.121426
40.805980,-5.373636,0.175944,3.358454,1.064645,2.125538,4.196299
40.855320,-5.472063,0.175944,3.364866,1.064645,2.125538,4.196299
40.906360,-5.573869,0.175944,3.371499,1.064645,2.125538,4.196299
40.956190,-5.673259,0.175944,3.377973,1.064645,2.125538,4.196299
41.007110,-5.774824,0.175944,3.384590,1.064645,2.125538,4.196299
41.056400,-5.873136,0.175944,3.390994,0.797105,2.214302,4.145257
41.106640,-5.973341,0.175944,3.397522,0.520120,2.287416,4.088058
41.156710,-6.073195,0.175944,3.404027,0.226977,2.338990,4.040326
41.208320,-6.176135,0.175944,3.410733,-0.068327,2.364898,3.991718
41.258070,-6.275352,0.175944,3.417197,-0.372969,2.361910,3.936126
41.308690,-6.376301,0.175944,3.423773,-0.661965,2.327868,3.869600
41.359400,-6.477426,0.175944,3.430361,-0.941948,2.271422,3.766308
41.411200,-6.580709,0.175944,3.437089,-1.174033,2.206573,3.611024
41.461000,-6.680021,0.175944,3.443559,-1.174033,2.206573,3.611024
41.512200,-6.782114,0.175944,3.450210,-1.174033,2.206573,3.611024
41.562460,-6.882322,0.175944,3.456738,-1.174033,2.206573,3.611024
41.613410,-6.983898,0.175944,3.463355,-1.174033,2.206573,3.611024
41.663220,-7.083207,0.175944,3.469824,-1.008873,2.257460,3.383372
41.714240,-7.184921,0.175944,3.476450,-0.840347,2.300415,3.163472
41.764680,-7.285454,0.175944,3.483000,-0.669375,2.330207,2.940916
41.816090,-7.387929,0.175944,3.489675,-0.478533,2.339420,2.714788
41.866520,-7.488435,0.175944,3.496223,-0.254621,2.322405,2.506614
41.916520,-7.588088,0.175944,3.502715,-0.024425,2.286336,2.313598
41.966710,-7.688100,0.175944,3.509230,0.197537,2.241285,2.116838
42.019300,-7.792896,0.175280,3.516057,0.403430,2.189975,1.903169
42.068500,-7.890925,0.172373,3.522443,0.606220,2.152578,1.747197
42.118680,-7.990884,0.172373,3.528955,0.606220,2.152578,1.747197
42.169900,-8.092922,0.172373,3.535602,0.606220,2.152578,1.747197
42.221560,-8.195795,0.172373,3.542304,0.606220,2.152578,1.747197
42.271120,-8.294496,0.172373,3.548733,0.606220,2.152578,1.747197
42.321330,-8.394457,0.172373,3.555245,0.644404,2.240961,2.007732
42.371380,-8.494089,0.172373,3.561736,0.678277,2.322792,2.276595
42.422100,-8.595036,0.172373,3.568312,0.705095,2.386861,2.568767
42.471920,-8.694135,0.172373,3.574768,0.737309,2.423952,2.869123
42.522180,-8.794105,0.172373,3.581280,0.779846,2.428643,3.164901
42.572150,-8.893463,0.172373,3.587753,0.832046,2.407706,3.461186
42.623570,-8.995650,0.172373,3.594410,0.847754,2.369146,3.739803
42.673730,-9.095300,0.172373,3.600902,0.802815,2.353035,3.797171
42.725120,-9.197317,0.172373,3.607548,0.802815,2.353035,3.797171
42.776600,-9.299449,0.172373,3.614201,0.802815,2.353035,3.797171
42.827930,-9.401206,0.172373,3.620830,0.802815,2.353035,3.797171
42.877820,-9.499986,0.172373,3.627265,0.802815,2.353035,3.797171
42.928600,-9.600434,0.172373,3.633809,0.859599,2.407563,3.547530
42.978510,-9.698968,0.172373,3.640228,0.938330,2.453559,3.259506
43.029330,-9.799120,0.172373,3.646752,1.025471,2.477087,2.974022
43.078860,-9.896456,0.172373,3.653093,1.120144,2.476297,2.684139
43.129520,-9.995660,0.172373,3.659556,1.213732,2.451491,2.403171
43.179440,-10.092910,0.172373,3.665891,1.300725,2.402853,2.116006
43.230410,-10.191510,0.172373,3.672314,1.351477,2.343181,1.826940
43.279630,-10.285660,0.172373,3.678447,1.360449,2.315258,1.696383
43.330860,-10.285660,0.172373,3.678447,1.360449,2.315258,1.696383
43.381070,-10.285660,0.172373,3.678447,1.360449,2.315258,1.696383
43.431820,-10.285660,0.172373,3.678447,1.360449,2.315258,1.696383
43.481240,-10.285660,0.172373,3.678447,1.360449,2.315258,1.696383
43.531130,-10.285660,0.172373,3.678447,1.121428,2.371219,1.843384
43.581950,-10.285660,0.172373,3.678447,0.869910,2.422905,1.997215
43.632800,-10.285660,0.172373,3.678447,0.613995,2.465948,2.157339
43.682450,-10.285660,0.172373,3.678447,0.362147,2.494732,2.327139
43.732780,-10.285660,0.172373,3.678447,0.114550,2.507292,2.492310
43.782930,-10.285660,0.172373,3.678447,-0.135086,2.503653,2.662150
43.834060,-10.285660,0.172373,3.678447,-0.376603,2.483297,2.840532
43.883640,-10.285660,0.172373,3.678447,-0.618887,2.444350,3.024648
43.934640,-10.285660,0.172373,3.678447,-0.847684,2.394144,3.208009
43.985070,-10.285660,0.172373,3.678447,-1.081817,2.328914,3.393917
44.037260,-10.285660,0.172373,3.678447,-1.290877,2.249523,3.597688
44.086660,-10.285660,0.172373,3.678447,-1.290877,2.249523,3.597688
44.137330,-10.285660,0.172373,3.678447,-1.290877,2.249523,3.597688
44.187340,-10.285660,0.172373,3.678447,-1.290877,2.249523,3.597688
44.239050,-10.285660,0.172373,3.678447,-1.290877,2.249523,3.597688
44.289330,-10.285660,0.172373,3.678447,-1.080292,2.297303,3.410772
44.339630,-10.285660,0.172373,3.678447,-0.859729,2.336029,3.213000
44.390660,-10.285660,0.172373,3.678447,-0.704534,2.359296,2.956494
44.441580,-10.285660,0.172373,3.678447,-0.501680,2.363536,2.727192
44.491890,-10.285660,0.172373,3.678447,-0.295208,2.347857,2.502589
44.542960,-10.285660,0.172373,3.678447,-0.086019,2.312077,2.287895
44.593430,-10.285660,0.172373,3.678447,0.105495,2.260928,2.054261
44.645070,-10.285660,0.172373,3.678447,0.302475,2.196099,1.833539
44.694990,-10.285660,0.172373,3.678447,0.464572,2.149331,1.723596
44.745800,-10.285660,0.172373,3.678447,0.464572,2.149331,1.723596
44.796030,-10.285660,0.172373,3.678447,0.464572,2.149331,1.723596
44.847430,-10.285660,0.172373,3.678447,0.464572,2.149331,1.723596
44.897260,-10.285660,0.172373,3.678447,0.464572,2.149331,1.723596
44.947870,-10.285660,0.172373,3.678447,0.230023,2.213363,1.846960
44.998620,-10.285660,0.172373,3.678447,-0.048750,2.266002,1.939858
45.050250,-10.285660,0.172373,3.678447,-0.345459,2.296767,2.000914
45.099610,-10.285660,0.172373,3.678447,-0.653340,2.301408,2.035260
45.150730,-10.285660,0.172373,3.678447,-0.948634,2.279527,2.040350
45.201520,-10.285660,0.172373,3.678447,-1.252520,2.238186,2.037220
45.253010,-10.285660,0.172373,3.678447,-1.551867,2.181289,2.031259
45.302870,-10.285660,0.172373,3.678447,-1.854228,2.119306,2.043415
45.352990,-10.285660,0.172373,3.678447,-1.854228,2.119306,2.043415
45.403960,-10.285660,0.172373,3.678447,-1.854228,2.119306,2.043415
45.454780,-10.285660,0.172373,3.678447,-1.854228,2.119306,2.043415
45.504810,-10.285660,0.172373,3.678447,-1.854228,2.119306,2.043415
45.555570,-10.285660,0.172373,3.678447,-1.597891,2.204528,1.992889
45.606440,-10.285660,0.172373,3.678447,-1.343008,2.283402,1.941641
45.658000,-10.285660,0.172373,3.678447,-1.067005,2.341994,1.886222
45.707180,-10.285660,0.172373,3.678447,-0.762713,2.365118,1.835705
45.757200,-10.285660,0.172373,3.678447,-0.468623,2.356103,1.813019
45.807440,-10.285660,0.172373,3.678447,-0.171361,2.332177,1.779392
45.859030,-10.285660,0.172373,3.678447,0.124975,2.305258,1.731152
45.908620,-10.285660,0.172373,3.678447,0.124975,2.305258,1.731152
45.959510,-10.285660,0.172373,3.678447,0.124975,2.305258,1.731152
46.009880,-10.285660,0.172373,3.678447,0.124975,2.305258,1.731152
46.061540,-10.285660,0.172373,3.678447,0.124975,2.305258,1.731152
46.111370,-10.285660,0.172373,3.678447,0.330995,2.395593,1.832701
46.161990,-10.285660,0.172373,3.678447,0.563171,2.454537,1.913660
46.212840,-10.285660,0.172373,3.678447,0.847563,2.448631,1.967544
46.264570,-10.285660,0.172373,3.678447,1.137616,2.365155,2.012301
46.314340,-10.285660,0.172373,3.678447,1.339222,2.296940,2.041690
46.364980,-10.285660,0.172373,3.678447,1.339222,2.296940,2.041690
46.416460,-10.285660,0.172373,3.678447,1.339222,2.296940,2.041690
46.467400,-10.285660,0.172373,3.678447,1.339222,2.296940,2.041690
46.517070,-10.285660,0.172373,3.678447,1.339222,2.296940,2.041690
46.567260,-10.285660,0.172373,3.678447,1.077578,2.366431,2.102420
46.617510,-10.285660,0.172373,3.678447,0.828311,2.429541,2.195698
46.668580,-10.285660,0.172373,3.678447,0.586759,2.475507,2.308686
46.717880,-10.285660,0.172373,3.678447,0.343906,2.492731,2.475581
46.768320,-10.285660,0.172373,3.678447,0.108772,2.474142,2.651417
46.818200,-10.285660,0.172373,3.678447,-0.109785,2.425515,2.814008
46.870450,-10.285660,0.172373,3.678447,-0.289367,2.363428,3.021390
46.920100,-10.285660,0.172373,3.678447,-0.272742,2.350538,3.081724
46.970390,-10.285660,0.172373,3.678447,-0.272742,2.350538,3.081724
47.020670,-10.285660,0.172373,3.678447,-0.272742,2.350538,3.081724
47.071990,-10.285660,0.172373,3.678447,-0.272742,2.350538,3.081724
47.122140,-10.285660,0.172373,3.678447,-0.272742,2.350538,3.081724
47.172530,-10.285660,0.172373,3.678447,-0.073835,2.404187,2.936524
47.223020,-10.285660,0.172373,3.678447,0.159774,2.436695,2.800564
47.274020,-10.285660,0.172373,3.678447,0.421438,2.429173,2.658904
47.323900,-10.285660,0.172373,3.678447,0.681354,2.366392,2.510118
47.374450,-10.285660,0.172373,3.678447,0.908802,2.266621,2.343127
47.424950,-10.285660,0.172373,3.678447,1.098117,2.153753,2.220095
47.476110,-10.285660,0.172373,3.678447,1.098117,2.153753,2.220095
47.526360,-10.285660,0.172373,3.678447,1.098117,2.153753,2.220095
47.576550,-10.285660,0.172373,3.678447,1.098117,2.153753,2.220095
47.627390,-10.285660,0.172373,3.678447,1.098117,2.153753,2.220095
47.678940,-10.285660,0.172373,3.678447,1.145089,2.237911,2.400452
47.728840,-10.285660,0.172373,3.678447,1.174953,2.284924,2.636202
47.779510,-10.285660,0.172373,3.678447,1.193665,2.223279,2.928543
47.830730,-10.285660,0.172373,3.678447,1.205081,2.147949,3.154997
47.881430,-10.285660,0.172373,3.678447,1.205081,2.147949,3.154997
47.930890,-10.285660,0.172373,3.678447,1.205081,2.147949,3.154997
47.980960,-10.285660,0.172373,3.678447,1.205081,2.147949,3.154997
48.031980,-10.285660,0.172373,3.678447,1.205081,2.147949,3.154997
48.083480,-10.285660,0.172373,3.678447,1.036451,2.215894,2.948586
48.132870,-10.285660,0.172373,3.678447,0.835546,2.269559,2.748541
48.182980,-10.285660,0.172373,3.678447,0.623794,2.296084,2.551683
48.233600,-10.285660,0.172373,3.678447,0.410598,2.287742,2.339871
48.284970,-10.285660,0.172373,3.678447,0.174914,2.246603,2.152767
48.334210,-10.285660,0.172373,3.678447,-0.057142,2.176271,1.962567
48.387410,-10.285660,0.172373,3.678447,-0.250758,2.103014,1.847963
48.437280,-10.285660,0.172373,3.678447,-0.250758,2.103014,1.847963
48.486430,-10.285660,0.172373,3.678447,-0.250758,2.103014,1.847963
48.535770,-10.285660,0.172373,3.678447,-0.250758,2.103014,1.847963
48.586120,-10.285660,0.172373,3.678447,-0.250758,2.103014,1.847963
48.636490,-10.285660,0.172373,3.678447,-0.238760,2.184581,2.117022
48.687940,-10.285660,0.172373,3.678447,-0.231432,2.259471,2.396205
48.737340,-10.285660,0.172373,3.678447,-0.223087,2.320040,2.685983
48.788120,-10.285660,0.172373,3.678447,-0.232478,2.353546,2.963761
48.838540,-10.285660,0.172373,3.678447,-0.282656,2.356484,3.238501
48.889310,-10.285660,0.172373,3.678447,-0.236361,2.335442,3.536679
48.939500,-10.285660,0.172373,3.678447,-0.282118,2.301336,3.780900
48.989750,-10.285660,0.172373,3.678447,-0.311887,2.301086,3.845266
49.040650,-10.285660,0.172373,3.678447,-0.311887,2.301086,3.845266
49.091840,-10.285660,0.172373,3.678447,-0.311887,2.301086,3.845266
49.141410,-10.285660,0.172373,3.678447,-0.311887,2.301086,3.845266
49.192020,-10.285660,0.172373,3.678447,-0.311887,2.301086,3.845266
49.242190,-10.285660,0.172373,3.678447,-0.263828,2.389135,3.619277
49.293640,-10.285660,0.172373,3.678447,-0.201117,2.450771,3.346428
49.343140,-10.285660,0.172373,3.678447,-0.114669,2.464002,3.050348
49.393860,-10.285660,0.172373,3.678447,-0.016479,2.436251,2.771418
49.443960,-10.285660,0.172373,3.678447,0.096229,2.392127,2.492266
49.495270,-10.285660,0.172373,3.678447,0.214822,2.341780,2.220657
49.544700,-10.285660,0.172373,3.678447,0.214822,2.341780,2.220657
49.594810,-10.285660,0.172373,3.678447,0.214822,2.341780,2.220657
49.645480,-10.285660,0.172373,3.678447,0.214822,2.341780,2.220657
49.697350,-10.285660,0.172373,3.678447,0.214822,2.341780,2.220657
49.746840,-10.285660,0.172373,3.678447,0.061987,2.408341,2.457446
49.797180,-10.285660,0.172373,3.678447,-0.059908,2.464413,2.692443
49.847280,-10.285660,0.172373,3.678447,-0.177909,2.504696,2.945053
49.898230,-10.285660,0.172373,3.678447,-0.285856,2.516598,3.193794
49.951140,-10.285660,0.172373,3.678447,-0.406050,2.493849,3.458477
49.998490,-10.285660,0.172373,3.678447,-0.478411,2.436756,3.716143
50.049510,-10.285660,0.172373,3.678447,-0.496662,2.369475,3.901156
50.100800,-10.285660,0.172373,3.678447,-0.463824,2.348346,3.899858
50.150350,-10.285660,0.172373,3.678447,-0.463824,2.348346,3.899858
50.201130,-10.285660,0.172373,3.678447,-0.463824,2.348346,3.899858
50.251810,-10.285660,0.172373,3.678447,-0.463824,2.348346,3.899858
50.303340,-10.285660,0.172373,3.678447,-0.463824,2.348346,3.899858
50.352840,-10.285660,0.172373,3.678447,-0.552583,2.401967,3.661346
50.403780,-10.285660,0.172373,3.678447,-0.638794,2.433216,3.400913
50.454820,-10.285660,0.172373,3.678447,-0.717688,2.427940,3.105680
50.505610,-10.285660,0.172373,3.678447,-0.776647,2.373339,2.810175
50.555550,-10.285660,0.172373,3.678447,-0.800934,2.291085,2.517718
50.606450,-10.285660,0.172373,3.678447,-0.798802,2.207122,2.230116
50.656630,-10.285660,0.172373,3.678447,-0.761982,2.137805,1.967587
50.708010,-10.285660,0.172373,3.678447,-0.761982,2.137805,1.967587
50.758140,-10.285660,0.172373,3.678447,-0.761982,2.137805,1.967587
50.808580,-10.285660,0.172373,3.678447,-0.761982,2.137805,1.967587
50.859280,-10.285660,0.172373,3.678447,-0.761982,2.137805,1.967587
50.910470,-10.285660,0.172373,3.678447,-0.688231,2.233668,1.875747
50.960830,-10.285660,0.172373,3.678447,-0.598965,2.265411,1.782741
51.011420,-10.285660,0.172373,3.678447,-0.550203,2.155820,1.760552
51.061820,-10.285660,0.172373,3.678447,-0.550203,2.155820,1.760552
51.113600,-10.285660,0.172373,3.678447,-0.550203,2.155820,1.760552
51.163030,-10.285660,0.172373,3.678447,-0.550203,2.155820,1.760552
51.213880,-10.285660,0.172373,3.678447,-0.550203,2.155820,1.760552
51.263890,-10.285660,0.172373,3.678447,-0.421388,2.229947,1.962861
51.314590,-10.285660,0.172373,3.678447,-0.281767,2.280256,2.204034
51.364960,-10.285660,0.172373,3.678447,-0.138090,2.288900,2.472087
51.414960,-10.285660,0.172373,3.678447,-0.023800,2.251534,2.749296
51.465610,-10.285660,0.172373,3.678447,0.077562,2.179981,3.022442
51.516540,-10.285660,0.172373,3.678447,0.145269,2.106658,3.309513
51.565700,-10.285660,0.172373,3.678447,0.145269,2.106658,3.309513
51.616070,-10.285660,0.172373,3.678447,0.145269,2.106658,3.309513
51.665950,-10.285660,0.172373,3.678447,0.145269,2.106658,3.309513
51.716870,-10.285660,0.172373,3.678447,0.145269,2.106658,3.309513
51.766080,-10.285660,0.172373,3.678447,-0.056720,2.189998,3.130163
51.816120,-10.285660,0.172373,3.678447,-0.258300,2.263403,2.946380
51.866230,-10.285660,0.172373,3.678447,-0.482202,2.321915,2.759963
51.917030,-10.285660,0.172373,3.678447,-0.703213,2.354702,2.559653
51.966950,-10.285660,0.172373,3.678447,-0.944358,2.357626,2.373234
52.018650,-10.285660,0.172373,3.678447,-1.169526,2.336555,2.177535
52.068770,-10.285660,0.172373,3.678447,-1.414750,2.304377,1.990346
52.120240,-10.285660,0.172373,3.678447,-1.481318,2.299490,1.919667
52.169460,-10.285660,0.172373,3.678447,-1.481318,2.299490,1.919667
52.220880,-10.285660,0.172373,3.678447,-1.481318,2.299490,1.919667
52.270800,-10.285660,0.172373,3.678447,-1.481318,2.299490,1.919667
52.322220,-10.285660,0.172373,3.678447,-1.481318,2.299490,1.919667
52.371640,-10.285660,0.172373,3.678447,-1.448435,2.378855,2.180624
52.421730,-10.285660,0.172373,3.678447,-1.408936,2.439293,2.449558
52.471710,-10.285660,0.172373,3.678447,-1.352339,2.471331,2.735641
52.522530,-10.285660,0.172373,3.678447,-1.301065,2.459877,3.026410
52.571710,-10.285660,0.172373,3.678447,-1.245307,2.409709,3.321952
52.621820,-10.285660,0.172373,3.678447,-1.197600,2.329651,3.600802
52.672620,-10.285660,0.172373,3.678447,-1.215251,2.280792,3.699118
52.723430,-10.285660,0.172373,3.678447,-1.215251,2.280792,3.699118
52.772730,-10.285660,0.172373,3.678447,-1.215251,2.280792,3.699118
52.822700,-10.285660,0.172373,3.678447,-1.215251,2.280792,3.699118
52.873050,-10.285660,0.172373,3.678447,-1.215251,2.280792,3.699118
52.923680,-10.285660,0.172373,3.678447,-1.276944,2.383941,3.879652
52.973670,-10.285660,0.172373,3.678447,-1.345702,2.453737,4.069069
53.023570,-10.285660,0.172373,3.678447,-1.440000,2.409939,4.348148
53.076060,-10.285660,0.172373,3.678447,-1.453533,2.352765,4.431441
53.124490,-10.285660,0.172373,3.678447,-1.453533,2.352765,4.431441
53.174410,-10.285660,0.172373,3.678447,-1.453533,2.352765,4.431441
53.224840,-10.285660,0.172373,3.678447,-1.453533,2.352765,4.431441
53.274860,-10.285660,0.172373,3.678447,-1.453533,2.352765,4.431441
53.325620,-10.285660,0.172373,3.678447,-1.364189,2.400117,4.165389
53.376220,-10.285660,0.172373,3.678447,-1.274311,2.439846,3.886248
53.425790,-10.285660,0.172373,3.678447,-1.182707,2.465571,3.606404
53.475940,-10.285660,0.172373,3.678447,-1.089009,2.471929,3.339009
53.526290,-10.285660,0.172373,3.678447,-0.991021,2.454257,3.086172
53.577610,-10.285660,0.172373,3.678447,-0.917973,2.409909,2.838402
53.627290,-10.285660,0.172373,3.678447,-0.849166,2.341425,2.568335
53.677410,-10.285660,0.172373,3.678447,-0.763933,2.257718,2.342570
53.728140,-10.285660,0.172373,3.678447,-0.769321,2.178514,2.052556
53.779030,-10.285660,0.172373,3.678447,-0.837154,2.141283,2.009926
53.829050,-10.285660,0.172373,3.678447,-0.837154,2.141283,2.009926
53.879700,-10.285660,0.172373,3.678447,-0.837154,2.141283,2.009926
53.929690,-10.285660,0.172373,3.678447,-0.837154,2.141283,2.009926
53.981220,-10.285660,0.172373,3.678447,-0.837154,2.141283,2.009926
54.030930,-10.285660,0.172373,3.678447,-1.012825,2.232089,2.066482
54.081040,-10.285660,0.172373,3.678447,-1.216427,2.281603,2.035989
54.131330,-10.285660,0.172373,3.678447,-1.489550,2.208846,1.933607
54.182120,-10.285660,0.172373,3.678447,-1.780440,2.187779,2.011083
54.231630,-10.285660,0.172373,3.678447,-1.780440,2.187779,2.011083
54.282260,-10.285660,0.172373,3.678447,-1.780440,2.187779,2.011083
54.333210,-10.285660,0.172373,3.678447,-1.780440,2.187779,2.011083
54.383880,-10.285660,0.172373,3.678447,-1.780440,2.187779,2.011083
54.434060,-10.285660,0.172373,3.678447,-1.523530,2.235607,2.146737
54.484150,-10.285660,0.172373,3.678447,-1.258710,2.279223,2.283235
54.534970,-10.285660,0.172373,3.678447,-0.992853,2.315998,2.418443
54.585910,-10.285660,0.172373,3.678447,-0.723035,2.342678,2.557999
54.638390,-10.285660,0.172373,3.678447,-0.458507,2.354447,2.710664
54.686860,-10.285660,0.172373,3.678447,-0.184246,2.347298,2.865135
54.737380,-10.285660,0.172373,3.678447,0.074743,2.321284,2.994907
54.789010,-10.285660,0.172373,3.678447,0.356319,2.274448,3.096909
54.838510,-10.285660,0.172373,3.678447,0.644762,2.214404,3.192553
54.889140,-10.285660,0.172373,3.678447,0.927452,2.145285,3.251721
54.939950,-10.285660,0.172373,3.678447,1.076877,2.120035,3.224487
54.991090,-10.285660,0.172373,3.678447,1.076877,2.120035,3.224487
55.040470,-10.285660,0.172373,3.678447,1.076877,2.120035,3.224487
55.091350,-10.285660,0.172373,3.678447,1.076877,2.120035,3.224487
55.141590,-10.285660,0.172373,3.678447,1.076877,2.120035,3.224487
55.192550,-10.285660,0.172373,3.678447,0.894867,2.216597,3.044697
55.242000,-10.285660,0.172373,3.678447,0.697038,2.305524,2.890678
55.292980,-10.285660,0.172373,3.678447,0.477921,2.367739,2.744513
55.344100,-10.285660,0.172373,3.678447,0.201919,2.386302,2.629065
55.394250,-10.285660,0.172373,3.678447,-0.069491,2.362002,2.528497
55.443790,-10.285660,0.172373,3.678447,-0.253303,2.330942,2.510849
55.494780,-10.285660,0.172373,3.678447,-0.253303,2.330942,2.510849
55.544860,-10.285660,0.172373,3.678447,-0.253303,2.330942,2.510849
55.596450,-10.285660,0.172373,3.678447,-0.253303,2.330942,2.510849
55.646320,-10.285660,0.172373,3.678447,-0.253303,2.330942,2.510849
55.696270,-10.285660,0.172373,3.678447,-0.356647,2.417955,2.402952
55.746980,-10.285660,0.172373,3.678447,-0.462380,2.448424,2.243583
55.797770,-10.285660,0.172373,3.678447,-0.549823,2.300471,1.992484
55.847520,-10.285660,0.172373,3.678447,-0.549823,2.300471,1.992484
55.897460,-10.285660,0.172373,3.678447,-0.549823,2.300471,1.992484
55.948490,-10.285660,0.172373,3.678447,-0.549823,2.300471,1.992484
55.999180,-10.285660,0.172373,3.678447,-0.549823,2.300471,1.992484
56.048800,-10.285660,0.172373,3.678447,-0.533204,2.368957,2.270175
56.099160,-10.285660,0.172373,3.678447,-0.519353,2.429768,2.532809
56.149310,-10.285660,0.172373,3.678447,-0.522545,2.476305,2.791510
56.200080,-10.285660,0.172373,3.678447,-0.552536,2.495568,3.032826
56.249490,-10.285660,0.172373,3.678447,-0.587245,2.477344,3.280023
56.300950,-10.285660,0.172373,3.678447,-0.671256,2.426009,3.497088
56.351570,-10.285660,0.172373,3.678447,-0.808572,2.356160,3.717707
56.402380,-10.285660,0.172373,3.678447,-0.950901,2.346985,3.641624
56.451550,-10.285660,0.172373,3.678447,-0.950901,2.346985,3.641624
56.502540,-10.285660,0.172373,3.678447,-0.950901,2.346985,3.641624
56.553030,-10.285660,0.172373,3.678447,-0.950901,2.346985,3.641624
56.604270,-10.285660,0.172373,3.678447,-0.950901,2.346985,3.641624
56.654540,-10.285660,0.172373,3.678447,-0.802803,2.405518,3.659240
56.704770,-10.285660,0.172373,3.678447,-0.664457,2.388150,3.670938
56.756290,-10.285660,0.172373,3.678447,-0.493906,2.173958,3.664757
56.807950,-10.285660,0.172373,3.678447,-0.493906,2.173958,3.664757
56.857940,-10.285660,0.172373,3.678447,-0.493906,2.173958,3.664757
56.908340,-10.285660,0.172373,3.678447,-0.493906,2.173958,3.664757
56.958550,-10.285660,0.172373,3.678447,-0.493906,2.173958,3.664757
57.010050,-10.285660,0.172373,3.678447,-0.324831,2.227538,3.442171
57.059390,-10.285660,0.172373,3.678447,-0.135970,2.276904,3.218743
57.110100,-10.285660,0.172373,3.678447,0.049612,2.313271,3.004561
57.160600,-10.285660,0.172373,3.678447,0.233446,2.333435,2.783702
57.211650,-10.285660,0.172373,3.678447,0.421408,2.333163,2.546067
57.261690,-10.285660,0.172373,3.678447,0.618293,2.309977,2.325051
57.312090,-10.285660,0.172373,3.678447,0.828149,2.272489,2.113667
57.362710,-10.285660,0.172373,3.678447,1.012325,2.222767,1.900534
57.413650,-10.285660,0.172373,3.678447,1.196719,2.181793,1.756448
57.463840,-10.285660,0.172373,3.678447,1.196719,2.181793,1.756448
57.514090,-10.285660,0.172373,3.678447,1.196719,2.181793,1.756448
57.564370,-10.285660,0.172373,3.678447,1.196719,2.181793,1.756448
57.616170,-10.285660,0.172373,3.678447,1.196719,2.181793,1.756448
57.665740,-10.285660,0.172373,3.678447,0.904190,2.233376,1.755581
57.716380,-10.285660,0.172373,3.678447,0.622456,2.276860,1.754134
57.767290,-10.285660,0.172373,3.678447,0.325946,2.310942,1.764628
57.819370,-10.285660,0.172373,3.678447,0.030350,2.329667,1.795853
57.871270,-10.285660,0.172373,3.678447,-0.262816,2.328613,1.862929
57.919490,-10.285660,0.172373,3.678447,-0.526058,2.304509,1.961120
57.970080,-10.285660,0.172373,3.678447,-0.814128,2.296557,1.986490
58.021270,-10.285660,0.172373,3.678447,-1.105971,2.270155,2.065654
58.070820,-10.285660,0.172373,3.678447,-1.391094,2.228868,2.172160
58.120910,-10.285660,0.172373,3.678447,-1.655313,2.182931,2.300384
58.171440,-10.285660,0.172373,3.678447,-1.903454,2.144408,2.465529
58.222650,-10.285660,0.172373,3.678447,-1.903454,2.144408,2.465529
58.272840,-10.285660,0.172373,3.678447,-1.903454,2.144408,2.465529
58.323040,-10.285660,0.172373,3.678447,-1.903454,2.144408,2.465529
58.373700,-10.285660,0.172373,3.678447,-1.903454,2.144408,2.465529
58.424420,-10.285660,0.172373,3.678447,-1.710442,2.266640,2.503930
58.474570,-10.285660,0.172373,3.678447,-1.506294,2.363078,2.512850
58.524510,-10.285660,0.172373,3.678447,-1.211363,2.379432,2.570318
58.574870,-10.285660,0.172373,3.678447,-0.966888,2.336107,2.552109
58.626060,-10.285660,0.172373,3.678447,-0.940869,2.336159,2.411272
58.675480,-10.285660,0.172373,3.678447,-0.940869,2.336159,2.411272
58.725940,-10.285660,0.172373,3.678447,-0.940869,2.336159,2.411272
58.776200,-10.285660,0.172373,3.678447,-0.940869,2.336159,2.411272
58.827110,-10.285660,0.172373,3.678447,-0.940869,2.336159,2.411272
58.876920,-10.285660,0.172373,3.678447,-0.958111,2.411482,2.643458
58.927290,-10.285660,0.172373,3.678447,-1.025267,2.456811,2.855286
58.977850,-10.285660,0.172373,3.678447,-1.166883,2.425882,3.062936
59.028880,-10.285660,0.172373,3.678447,-1.395418,2.303015,3.220121
59.078720,-10.285660,0.172373,3.678447,-1.537235,2.251348,3.181424
59.130410,-10.285660,0.172373,3.678447,-1.537235,2.251348,3.181424
59.181200,-10.285660,0.172373,3.678447,-1.537235,2.251348,3.181424
59.231770,-10.285660,0.172373,3.678447,-1.537235,2.251348,3.181424
59.281740,-10.285660,0.172373,3.678447,-1.537235,2.251348,3.181424
59.332330,-10.285660,0.172373,3.678447,-1.597579,2.351320,2.964018
59.382250,-10.285660,0.172373,3.678447,-1.778726,2.429381,2.751899
59.433280,-10.285660,0.172373,3.678447,-1.865596,2.454100,2.535079
59.483390,-10.285660,0.172373,3.678447,-1.934274,2.395756,2.305370
59.533930,-10.285660,0.172373,3.678447,-1.950433,2.347711,2.218301
59.584700,-10.285660,0.172373,3.678447,-1.950433,2.347711,2.218301
59.635520,-10.285660,0.172373,3.678447,-1.950433,2.347711,2.218301
59.684870,-10.285660,0.172373,3.678447,-1.950433,2.347711,2.218301
59.735840,-10.285660,0.172373,3.678447,-1.950433,2.347711,2.218301
59.786090,-10.285660,0.172373,3.678447,-1.666556,2.390249,2.162525
59.836920,-10.285660,0.172373,3.678447,-1.373863,2.427764,2.100682
59.886190,-10.285660,0.172373,3.678447,-1.076441,2.455319,2.039108
59.936450,-10.285660,0.172373,3.678447,-0.785316,2.465687,1.988625
59.987180,-10.285660,0.172373,3.678447,-0.488992,2.454987,1.933675
60.037820,-10.285660,0.172373,3.678447,-0.192510,2.418361,1.875405
