Timestamp,LeftDiameterValid,LeftPupilDiameter,LeftPositionValid,LeftPupilPosX,LeftPupilPosY,RightDiameterValid,RightPupilDiameter,RightPositionValid,RightPupilPosX,RightPupilPosY
0.000,True,4.583,True,0.449314,0.460000,True,4.789,True,0.511535,0.497500
0.014,True,4.579,True,0.449314,0.460000,True,4.787,True,0.511535,0.497500
0.028,True,4.561,True,0.449632,0.459263,True,4.776,True,0.511664,0.497415
0.039,True,4.561,True,0.449632,0.459263,True,4.785,True,0.511929,0.497039
0.050,True,4.561,True,0.449870,0.459473,True,4.793,True,0.511929,0.497039
0.061,True,4.564,True,0.450006,0.459438,True,4.797,True,0.511974,0.497155
0.072,True,4.568,True,0.450006,0.459438,True,4.794,True,0.512252,0.496986
0.084,True,4.557,True,0.450176,0.459600,True,4.776,True,0.512548,0.496989
0.095,True,4.548,True,0.450220,0.459764,True,4.765,True,0.512548,0.496989
0.107,True,4.540,True,0.450220,0.459764,True,4.763,True,0.512596,0.497015
0.120,True,4.542,True,0.450532,0.459646,True,4.762,True,0.512596,0.497015
0.139,True,4.542,True,0.450775,0.459893,True,4.767,True,0.512917,0.496873
0.150,True,4.540,True,0.450816,0.459800,True,4.768,True,0.512917,0.496873
0.161,True,4.534,True,0.450838,0.460058,True,4.774,True,0.512941,0.496989
0.173,True,4.530,True,0.450838,0.460058,True,4.757,True,0.513074,0.496878
0.184,True,4.533,True,0.450713,0.460096,True,4.742,True,0.513074,0.496878
0.195,True,4.538,True,0.450713,0.460096,True,4.734,True,0.513321,0.497015
0.205,True,4.538,True,0.450839,0.460329,True,4.739,True,0.513321,0.497015
0.217,True,4.507,True,0.450701,0.460294,True,4.732,True,0.513396,0.497080
0.228,True,4.495,True,0.450701,0.460294,True,4.725,True,0.513411,0.497096
0.239,True,4.486,True,0.450580,0.460435,True,4.695,True,0.513435,0.497210
0.250,True,4.481,True,0.450580,0.460435,True,4.669,True,0.513435,0.497210
0.261,True,4.474,True,0.450345,0.460064,True,4.649,True,0.513435,0.497210
0.273,True,4.468,True,0.450319,0.460192,True,4.651,True,0.512950,0.497191
0.283,True,4.465,True,0.450319,0.460192,True,4.649,True,0.512950,0.497191
0.295,True,4.453,True,0.450192,0.459832,True,4.642,True,0.513464,0.496659
0.306,True,4.459,True,0.449354,0.458401,True,4.636,True,0.513464,0.496659
0.317,True,4.464,True,0.449354,0.458401,True,4.612,True,0.513955,0.495579
0.328,True,4.432,True,0.441951,0.454820,True,4.384,True,0.508510,0.497940
0.339,False,0.000,False,0.000000,0.000000,False,0.000,False,0.000000,0.000000
0.350,False,0.000,False,0.000000,0.000000,False,0.000,False,0.000000,0.000000
0.361,False,0.000,False,0.000000,0.000000,False,0.000,False,0.000000,0.000000
0.373,False,0.000,False,0.000000,0.000000,False,0.000,False,0.000000,0.000000
0.384,False,0.000,False,0.000000,0.000000,False,0.000,False,0.000000,0.000000
0.394,False,0.000,False,0.000000,0.000000,False,0.000,False,0.000000,0.000000
0.406,False,0.000,False,0.000000,0.000000,False,0.000,False,0.000000,0.000000
0.417,False,0.000,False,0.000000,0.000000,False,0.000,False,0.000000,0.000000
0.428,True,4.433,True,0.422087,0.452733,True,4.375,True,0.494885,0.502025
0.439,True,4.432,True,0.423973,0.453062,True,4.365,True,0.495019,0.502252
0.450,True,4.428,True,0.424675,0.453655,True,4.365,True,0.495019,0.502252
0.461,True,4.423,True,0.424675,0.453655,True,4.376,True,0.495019,0.502252
0.472,True,4.412,True,0.424675,0.453655,True,4.422,True,0.495236,0.502300
0.483,True,4.408,True,0.425766,0.454732,True,4.441,True,0.495302,0.502479
0.495,True,4.407,True,0.425766,0.454732,True,4.453,True,0.495842,0.502555
0.506,True,4.417,True,0.426039,0.454866,True,4.458,True,0.496254,0.502504
0.517,True,4.422,True,0.426655,0.455220,True,4.454,True,0.496254,0.502504
0.528,True,4.429,True,0.427496,0.455753,True,4.455,True,0.496668,0.502508
0.539,True,4.431,True,0.427496,0.455753,True,4.462,True,0.497081,0.502660
0.550,True,4.443,True,0.427833,0.456210,True,4.470,True,0.497081,0.502660
0.561,True,4.452,True,0.427833,0.456210,True,4.465,True,0.497867,0.502735
0.572,True,4.454,True,0.428626,0.456571,True,4.466,True,0.498383,0.502622
0.583,True,4.445,True,0.429201,0.457066,True,4.471,True,0.498383,0.502622
0.595,True,4.437,True,0.429201,0.457066,True,4.475,True,0.498383,0.502622
0.605,True,4.429,True,0.429201,0.457066,True,4.480,True,0.499072,0.502706
0.617,True,4.438,True,0.430480,0.457712,True,4.490,True,0.499004,0.502574
0.628,True,4.442,True,0.430480,0.457712,True,4.499,True,0.499870,0.502488
0.639,True,4.455,True,0.430623,0.457916,True,4.513,True,0.500202,0.502478
0.650,True,4.457,True,0.431242,0.458012,True,4.518,True,0.500202,0.502478
0.661,True,4.457,True,0.431242,0.458012,True,4.527,True,0.500471,0.502405
0.673,True,4.458,True,0.431242,0.458012,True,4.533,True,0.500471,0.502405
0.684,True,4.455,True,0.432170,0.458121,True,4.550,True,0.500547,0.502334
0.695,True,4.456,True,0.432170,0.458121,True,4.543,True,0.500573,0.502390
0.706,True,4.465,True,0.432290,0.458666,True,4.530,True,0.500573,0.502390
0.717,True,4.475,True,0.432957,0.458727,True,4.539,True,0.501016,0.502410
0.728,True,4.483,True,0.432957,0.458727,True,4.556,True,0.501274,0.502275
0.739,True,4.489,True,0.432957,0.458727,True,4.572,True,0.501274,0.502275
0.750,True,4.492,True,0.434084,0.458998,True,4.596,True,0.501700,0.502090
0.761,True,4.489,True,0.434084,0.458998,True,4.602,True,0.501700,0.502090
0.772,True,4.485,True,0.434260,0.459145,True,4.585,True,0.502059,0.501893
0.783,True,4.484,True,0.434260,0.459145,True,4.579,True,0.502402,0.501462
0.795,True,4.481,True,0.435073,0.459155,True,4.574,True,0.502402,0.501462
0.806,True,4.483,True,0.435337,0.459136,True,4.566,True,0.502502,0.501306
0.817,True,4.488,True,0.435601,0.459331,True,4.561,True,0.503054,0.501264
0.828,True,4.493,True,0.435601,0.459331,True,4.557,True,0.503054,0.501264
0.839,True,4.493,True,0.436034,0.459336,True,4.572,True,0.503096,0.501017
0.850,True,4.490,True,0.436034,0.459336,True,4.580,True,0.503426,0.501031
0.861,True,4.501,True,0.436179,0.459503,True,4.581,True,0.503682,0.500923
0.872,True,4.497,True,0.436230,0.459450,True,4.581,True,0.503682,0.500923
0.883,True,4.486,True,0.436230,0.459450,True,4.580,True,0.503593,0.501019
0.894,True,4.491,True,0.436194,0.459468,True,4.579,True,0.503593,0.501019
0.906,True,4.496,True,0.436194,0.459468,True,4.572,True,0.503396,0.500879
0.917,True,4.510,True,0.435936,0.459392,True,4.571,True,0.503396,0.500879
0.928,True,4.523,True,0.435849,0.459307,True,4.576,True,0.503243,0.501009
0.939,True,4.534,True,0.435807,0.459150,True,4.572,True,0.502918,0.501297
0.950,True,4.536,True,0.435807,0.459150,True,4.572,True,0.502785,0.501159
0.961,True,4.528,True,0.435692,0.459141,True,4.571,True,0.502785,0.501159
0.972,True,4.516,True,0.435310,0.458982,True,4.612,True,0.502521,0.501297
0.984,True,4.511,True,0.435310,0.458982,True,4.624,True,0.502375,0.501225
0.995,True,4.512,True,0.435200,0.458795,True,4.633,True,0.502375,0.501225
1.006,True,4.521,True,0.434794,0.458437,True,4.648,True,0.501883,0.501349
1.017,True,4.528,True,0.434794,0.458437,True,4.647,True,0.501731,0.501197
1.028,True,4.527,True,0.434557,0.458396,True,4.646,True,0.501731,0.501197
1.039,True,4.530,True,0.434223,0.458172,True,4.655,True,0.501434,0.501439
1.050,True,4.534,True,0.434223,0.458172,True,4.651,True,0.501211,0.501512
1.061,True,4.534,True,0.434431,0.458194,True,4.648,True,0.501211,0.501512
1.072,True,4.531,True,0.434031,0.458237,True,4.644,True,0.501161,0.501582
1.083,True,4.528,True,0.434031,0.458237,True,4.646,True,0.501276,0.501820
1.094,True,4.523,True,0.434133,0.458226,True,4.648,True,0.501276,0.501820
1.106,True,4.518,True,0.434067,0.458386,True,4.654,True,0.501319,0.501677
1.116,True,4.518,True,0.434067,0.458386,True,4.660,True,0.501479,0.501578
1.128,True,4.520,True,0.434439,0.458223,True,4.664,True,0.501479,0.501578
1.139,True,4.533,True,0.434511,0.458327,True,4.655,True,0.501572,0.501585
1.150,True,4.543,True,0.434511,0.458327,True,4.663,True,0.501491,0.501392
1.161,True,4.541,True,0.434547,0.458343,True,4.669,True,0.501491,0.501392
1.172,True,4.539,True,0.434950,0.458505,True,4.666,True,0.501918,0.501321
1.183,True,4.539,True,0.434950,0.458505,True,4.668,True,0.502036,0.501507
1.195,True,4.533,True,0.435330,0.458613,True,4.670,True,0.502036,0.501507
1.206,True,4.529,True,0.435865,0.458811,True,4.654,True,0.502451,0.501258
1.217,True,4.529,True,0.435865,0.458811,True,4.654,True,0.502633,0.501322
1.228,True,4.537,True,0.435874,0.458815,True,4.654,True,0.502633,0.501322
1.239,True,4.544,True,0.436014,0.458548,True,4.646,True,0.502570,0.501346
1.250,True,4.545,True,0.436014,0.458548,True,4.642,True,0.502489,0.501374
1.261,True,4.540,True,0.435729,0.458769,True,4.638,True,0.502489,0.501374
1.272,True,4.521,True,0.436250,0.458903,True,4.635,True,0.502906,0.501374
1.283,True,4.511,True,0.436250,0.458903,True,4.639,True,0.502880,0.501455
1.294,True,4.521,True,0.435998,0.458841,True,4.641,True,0.502880,0.501455
1.306,True,4.536,True,0.436220,0.458729,True,4.636,True,0.502906,0.501341
1.317,True,4.540,True,0.436220,0.458729,True,4.643,True,0.503012,0.501396
1.328,True,4.521,True,0.436382,0.458915,True,4.649,True,0.503185,0.501334
1.339,True,4.513,True,0.436665,0.458941,True,4.648,True,0.503185,0.501334
1.350,True,4.508,True,0.436665,0.458941,True,4.647,True,0.503267,0.501272
1.361,True,4.511,True,0.436571,0.458921,True,4.651,True,0.503810,0.501278
1.372,True,4.506,True,0.436571,0.458921,True,4.657,True,0.503810,0.501278
1.383,True,4.503,True,0.436729,0.459122,True,4.664,True,0.503787,0.501229
1.395,True,4.496,True,0.436833,0.459337,True,4.676,True,0.504065,0.500990
1.407,True,4.491,True,0.437029,0.459254,True,4.681,True,0.504065,0.500990
1.417,True,4.488,True,0.437029,0.459254,True,4.683,True,0.504065,0.500990
1.428,True,4.469,True,0.437358,0.459482,True,4.683,True,0.504140,0.501233
1.439,True,4.462,True,0.437326,0.459380,True,4.687,True,0.504140,0.501233
1.450,True,4.457,True,0.437326,0.459380,True,4.689,True,0.504269,0.501229
1.461,True,4.463,True,0.437065,0.459255,True,4.689,True,0.504170,0.501143
1.472,True,4.467,True,0.437065,0.459255,True,4.687,True,0.504170,0.501143
1.484,True,4.466,True,0.436712,0.459125,True,4.681,True,0.504037,0.501068
1.495,True,4.467,True,0.436857,0.459193,True,4.673,True,0.504037,0.501068
1.506,True,4.468,True,0.436857,0.459193,True,4.675,True,0.504445,0.501118
1.517,True,4.467,True,0.438980,0.460301,True,4.681,True,0.508073,0.500969
1.528,True,4.481,True,0.442801,0.462021,True,4.692,True,0.508073,0.500969
1.539,True,4.469,True,0.446506,0.463225,True,4.702,True,0.512182,0.500483
1.550,True,4.458,True,0.446506,0.463225,True,4.708,True,0.513646,0.500195
1.561,True,4.449,True,0.446506,0.463225,True,4.712,True,0.513646,0.500195
1.572,True,4.423,True,0.447015,0.463445,True,4.734,True,0.513344,0.500131
1.583,True,4.412,True,0.447015,0.463445,True,4.730,True,0.513575,0.500123
1.595,True,4.391,True,0.446937,0.463651,True,4.718,True,0.513826,0.500101
1.606,True,4.384,True,0.446937,0.463651,True,4.713,True,0.513826,0.500101
1.618,True,4.384,True,0.446856,0.463521,True,4.707,True,0.513826,0.500101
1.628,True,4.386,True,0.446856,0.463521,True,4.683,True,0.514291,0.500059
1.639,True,4.374,True,0.446900,0.463602,True,4.637,True,0.514932,0.499834
1.650,True,4.382,True,0.447374,0.463470,True,4.614,True,0.514932,0.499834
1.661,True,4.387,True,0.453144,0.464120,True,4.704,True,0.520527,0.498149
1.672,True,4.386,True,0.453144,0.464120,True,4.722,True,0.532359,0.494228
1.684,True,4.353,True,0.459520,0.465155,True,4.736,True,0.532359,0.494228
1.694,True,4.259,True,0.467778,0.469790,True,4.654,True,0.541764,0.491034
1.706,True,4.206,True,0.467778,0.469790,True,4.646,True,0.547849,0.490726
1.717,True,4.211,True,0.471644,0.473603,True,4.645,True,0.547849,0.490726
1.728,True,4.105,True,0.477374,0.467600,True,4.560,True,0.551783,0.486489
1.739,True,4.018,True,0.477374,0.467600,True,4.629,True,0.551552,0.488374
1.750,True,4.120,True,0.476606,0.468958,True,4.729,True,0.548235,0.488855
1.761,True,4.161,True,0.475691,0.467641,True,4.760,True,0.548235,0.488855
1.772,True,4.200,True,0.475691,0.467641,True,4.785,True,0.544587,0.489158
1.783,True,4.295,True,0.474965,0.466919,True,4.796,True,0.542149,0.489495
1.795,True,4.314,True,0.474910,0.467130,True,4.798,True,0.542149,0.489495
1.806,True,4.329,True,0.474910,0.467130,True,4.784,True,0.541064,0.489789
1.818,True,4.309,True,0.474742,0.466886,True,4.763,True,0.540712,0.489911
1.828,True,4.312,True,0.474458,0.467119,True,4.755,True,0.540712,0.489911
1.839,True,4.315,True,0.474458,0.467119,True,4.765,True,0.539979,0.490433
1.850,True,4.309,True,0.474056,0.466655,True,4.784,True,0.539244,0.490588
1.861,True,4.309,True,0.474056,0.466655,True,4.784,True,0.539244,0.490588
1.873,True,4.298,True,0.473824,0.466465,True,4.788,True,0.538857,0.490870
1.883,True,4.300,True,0.473655,0.466353,True,4.773,True,0.538409,0.490985
1.894,True,4.304,True,0.473826,0.466405,True,4.765,True,0.538409,0.490985
1.906,True,4.308,True,0.473826,0.466405,True,4.766,True,0.537896,0.490963
1.917,True,4.323,True,0.473526,0.466451,True,4.768,True,0.537896,0.490963
1.928,True,4.335,True,0.473531,0.466499,True,4.779,True,0.537853,0.491217
1.939,True,4.336,True,0.473531,0.466499,True,4.783,True,0.537466,0.491030
1.950,True,4.347,True,0.473631,0.466523,True,4.786,True,0.537392,0.491165
1.961,True,4.340,True,0.473876,0.466554,True,4.786,True,0.537392,0.491165
1.973,True,4.334,True,0.473876,0.466554,True,4.787,True,0.537392,0.491165
1.983,True,4.333,True,0.474201,0.466603,True,4.787,True,0.537263,0.491122
1.994,True,4.342,True,0.474760,0.466850,True,4.783,True,0.537185,0.490978
2.006,True,4.351,True,0.474760,0.466850,True,4.788,True,0.537339,0.490778
2.017,True,4.363,True,0.475323,0.467096,True,4.793,True,0.537339,0.490778
2.028,True,4.362,True,0.477472,0.468075,True,4.806,True,0.538181,0.490342
2.039,True,4.352,True,0.477472,0.468075,True,4.819,True,0.545773,0.488668
2.050,True,4.339,True,0.483961,0.471013,True,4.807,True,0.553486,0.487091
2.061,True,4.304,True,0.489505,0.473177,True,4.788,True,0.553486,0.487091
2.072,True,4.277,True,0.489505,0.473177,True,4.800,True,0.559569,0.485153
2.083,True,4.245,True,0.494763,0.474493,True,4.810,True,0.559569,0.485153
2.094,True,4.193,True,0.497776,0.475062,True,4.849,True,0.563732,0.483760
2.106,True,4.171,True,0.499176,0.475175,True,4.865,True,0.566251,0.482538
2.117,True,4.171,True,0.499176,0.475175,True,4.865,True,0.566251,0.482538
2.128,True,4.169,True,0.498906,0.474987,True,4.865,True,0.566086,0.482299
2.139,True,4.169,True,0.498906,0.474987,True,4.864,True,0.566086,0.482299
2.150,True,4.170,True,0.498906,0.474987,True,4.858,True,0.565916,0.482077
2.161,True,4.167,True,0.498807,0.475086,True,4.835,True,0.566037,0.482296
2.172,True,4.164,True,0.498807,0.475086,True,4.828,True,0.565834,0.482164
2.183,True,4.162,True,0.498807,0.475086,True,4.824,True,0.565834,0.482164
2.194,True,4.140,True,0.498147,0.475243,True,4.817,True,0.565643,0.482130
2.205,True,4.129,True,0.498147,0.475243,True,4.812,True,0.565682,0.482341
2.217,True,4.135,True,0.498029,0.475209,True,4.807,True,0.565682,0.482341
2.228,True,4.141,True,0.497799,0.475165,True,4.787,True,0.565431,0.482463
2.239,True,4.143,True,0.497799,0.475165,True,4.778,True,0.564900,0.482825
2.250,True,4.134,True,0.497432,0.475155,True,4.767,True,0.564900,0.482825
2.261,True,4.126,True,0.497412,0.475303,True,4.763,True,0.564939,0.482743
2.272,True,4.120,True,0.497412,0.475303,True,4.769,True,0.564892,0.482842
2.284,True,4.114,True,0.497254,0.475296,True,4.774,True,0.564892,0.482842
2.295,True,4.099,True,0.497133,0.475325,True,4.755,True,0.564927,0.482877
2.306,True,4.091,True,0.497133,0.475325,True,4.744,True,0.564684,0.482916
2.317,True,4.078,True,0.497173,0.475086,True,4.735,True,0.564684,0.482916
2.328,True,4.062,True,0.496938,0.475013,True,4.737,True,0.564293,0.483138
2.339,True,4.058,True,0.496938,0.475013,True,4.733,True,0.564209,0.482873
2.350,True,4.057,True,0.496938,0.475013,True,4.730,True,0.564209,0.482873
2.361,True,4.067,True,0.496728,0.475061,True,4.728,True,0.564209,0.482873
2.372,True,4.085,True,0.496527,0.474940,True,4.710,True,0.563706,0.483097
2.383,True,4.091,True,0.496527,0.474940,True,4.698,True,0.563706,0.483097
2.395,True,4.075,True,0.496611,0.474885,True,4.712,True,0.564068,0.483048
2.406,True,4.065,True,0.496155,0.474887,True,4.713,True,0.563749,0.483208
2.417,True,4.056,True,0.496155,0.474887,True,4.714,True,0.563749,0.483208
2.428,True,4.063,True,0.496168,0.474893,True,4.721,True,0.563296,0.483252
2.439,True,4.061,True,0.495962,0.475093,True,4.716,True,0.563480,0.483157
2.450,True,4.060,True,0.495962,0.475093,True,4.713,True,0.563480,0.483157
2.461,True,4.070,True,0.495962,0.474853,True,4.703,True,0.563226,0.483352
2.473,True,4.071,True,0.495965,0.474785,True,4.702,True,0.563149,0.483564
2.484,True,4.072,True,0.495965,0.474785,True,4.701,True,0.563149,0.483564
2.495,True,4.248,True,0.495815,0.474932,True,4.701,True,0.563077,0.483508
2.506,True,4.309,True,0.495727,0.474829,True,4.700,True,0.563077,0.483508
2.517,True,4.391,True,0.495669,0.474774,True,4.712,True,0.562972,0.483626
2.528,True,4.411,True,0.495669,0.474774,True,4.707,True,0.563113,0.483756
2.539,True,4.422,True,0.495870,0.474799,True,4.702,True,0.563113,0.483756
2.551,True,4.430,True,0.495870,0.474799,True,4.704,True,0.563036,0.483815
2.562,True,4.435,True,0.495901,0.474862,True,4.709,True,0.563011,0.483713
2.573,True,4.435,True,0.495888,0.474707,True,4.712,True,0.563011,0.483713
2.583,True,4.435,True,0.495888,0.474707,True,4.713,True,0.563032,0.483701
2.595,True,4.441,True,0.495919,0.474806,True,4.716,True,0.563031,0.483745
2.606,True,4.440,True,0.495817,0.474767,True,4.718,True,0.563031,0.483745
2.617,True,4.436,True,0.495960,0.474803,True,4.724,True,0.563276,0.483750
2.628,True,4.434,True,0.495960,0.474803,True,4.725,True,0.563165,0.483946
2.639,True,4.449,True,0.496226,0.474877,True,4.725,True,0.563165,0.483946
2.650,True,4.464,True,0.496255,0.474776,True,4.761,True,0.563768,0.483619
2.661,True,4.466,True,0.496255,0.474776,True,4.765,True,0.563497,0.483674
2.672,True,4.466,True,0.496205,0.474902,True,4.767,True,0.563497,0.483674
2.683,True,4.466,True,0.496205,0.474902,True,4.762,True,0.563533,0.483471
2.695,True,4.475,True,0.496266,0.474849,True,4.756,True,0.563338,0.483666
2.706,True,4.473,True,0.496242,0.474927,True,4.757,True,0.563338,0.483666
2.717,True,4.471,True,0.496242,0.474927,True,4.759,True,0.563531,0.483403
2.728,True,4.473,True,0.496154,0.474898,True,4.762,True,0.563531,0.483403
2.739,True,4.476,True,0.496367,0.474908,True,4.763,True,0.563452,0.483460
2.750,True,4.482,True,0.496331,0.474872,True,4.779,True,0.563562,0.483471
2.761,True,4.485,True,0.496331,0.474872,True,4.802,True,0.563624,0.483656
2.772,True,4.486,True,0.496364,0.474860,True,4.821,True,0.563624,0.483656
2.783,True,4.487,True,0.496364,0.474860,True,4.842,True,0.563668,0.483580
2.794,True,4.501,True,0.496224,0.474857,True,4.853,True,0.563556,0.483457
2.806,True,4.497,True,0.496172,0.474865,True,4.845,True,0.563556,0.483457
2.817,True,4.493,True,0.496172,0.474865,True,4.853,True,0.563267,0.483780
2.828,True,4.469,True,0.495916,0.474803,True,4.863,True,0.563256,0.484090
2.840,True,4.469,True,0.496117,0.474924,True,4.866,True,0.563256,0.484090
2.850,True,4.465,True,0.495945,0.474959,True,4.874,True,0.563410,0.483892
2.861,True,4.460,True,0.495945,0.474959,True,4.877,True,0.563336,0.483991
2.872,True,4.463,True,0.495984,0.474160,True,4.880,True,0.563336,0.483991
2.883,True,4.502,True,0.491701,0.469997,True,4.909,True,0.559605,0.484046
2.894,True,4.535,True,0.491701,0.469997,True,4.925,True,0.548498,0.483871
2.906,True,4.604,True,0.486549,0.464753,True,4.937,True,0.548498,0.483871
2.917,True,4.710,True,0.484355,0.461470,True,4.956,True,0.540277,0.483300
2.928,True,4.745,True,0.484355,0.461470,True,4.954,True,0.537489,0.483037
2.939,True,4.762,True,0.483736,0.460837,True,4.952,True,0.537489,0.483037
2.950,True,4.773,True,0.483388,0.460892,True,4.929,True,0.537318,0.483097
2.961,True,4.773,True,0.483388,0.460892,True,4.926,True,0.537152,0.483268
2.972,True,4.780,True,0.483388,0.460892,True,4.924,True,0.537152,0.483268
2.984,True,4.789,True,0.482723,0.460697,True,4.923,True,0.537749,0.483293
2.994,True,4.792,True,0.482723,0.460697,True,4.932,True,0.537275,0.483659
3.009,True,4.775,True,0.482529,0.460818,True,4.927,True,0.537647,0.483654
3.021,True,4.771,True,0.482279,0.461073,True,4.916,True,0.537647,0.483654
3.032,True,4.769,True,0.482279,0.461073,True,4.917,True,0.537884,0.483724
3.043,True,4.775,True,0.482308,0.461353,True,4.926,True,0.538230,0.484028
3.054,True,4.777,True,0.481980,0.461509,True,4.934,True,0.538230,0.484028
3.065,True,4.778,True,0.481765,0.461564,True,4.936,True,0.538347,0.484206
3.077,True,4.779,True,0.481765,0.461564,True,4.935,True,0.538313,0.484326
3.087,True,4.792,True,0.481143,0.461850,True,4.933,True,0.538313,0.484326
3.098,True,4.804,True,0.481143,0.461850,True,4.939,True,0.538849,0.484559
3.109,True,4.806,True,0.480393,0.461526,True,4.943,True,0.539472,0.483641
3.121,True,4.799,True,0.478183,0.460340,True,4.941,True,0.539472,0.483641
3.132,True,4.792,True,0.478183,0.460340,True,4.904,True,0.541264,0.482869
3.143,False,0.000,False,0.000000,0.000000,False,0.000,False,0.000000,0.000000
3.154,False,0.000,False,0.000000,0.000000,False,0.000,False,0.000000,0.000000
3.165,False,0.000,False,0.000000,0.000000,False,0.000,False,0.000000,0.000000
3.176,False,0.000,False,0.000000,0.000000,False,0.000,False,0.000000,0.000000
3.187,False,0.000,False,0.000000,0.000000,False,0.000,False,0.000000,0.000000
3.198,False,0.000,False,0.000000,0.000000,False,0.000,False,0.000000,0.000000
3.209,False,0.000,False,0.000000,0.000000,False,0.000,False,0.000000,0.000000
3.221,False,0.000,False,0.000000,0.000000,False,0.000,False,0.000000,0.000000
3.232,False,0.000,False,0.000000,0.000000,True,4.882,True,0.536146,0.481767
3.243,False,0.000,False,0.000000,0.000000,True,4.911,True,0.536146,0.481767
3.254,False,0.000,False,0.000000,0.000000,True,4.935,True,0.540260,0.478675
3.265,True,4.799,True,0.486299,0.455938,True,4.985,True,0.545804,0.475056
3.276,True,4.820,True,0.495018,0.454734,True,5.028,True,0.551566,0.469980
3.287,True,4.840,True,0.503122,0.452705,True,5.066,True,0.551566,0.469980
3.298,True,4.854,True,0.503122,0.452705,True,5.105,True,0.557157,0.464392
3.310,True,4.852,True,0.503122,0.452705,True,5.155,True,0.557157,0.464392
3.320,True,4.852,True,0.503122,0.452705,True,5.155,True,0.557157,0.464392
3.332,True,4.870,True,0.513601,0.449087,True,5.203,True,0.561735,0.458014
3.343,True,4.907,True,0.513938,0.449053,True,5.240,True,0.561735,0.458014
3.354,True,4.912,True,0.514212,0.448717,True,5.240,True,0.561366,0.458029
3.365,True,4.912,True,0.514212,0.448717,True,5.245,True,0.561409,0.458002
3.376,True,4.893,True,0.514473,0.448993,True,5.246,True,0.561409,0.458002
3.387,True,4.875,True,0.514473,0.448993,True,5.246,True,0.561409,0.458002
3.398,True,4.877,True,0.514306,0.448920,True,5.219,True,0.562025,0.458127
3.410,True,4.888,True,0.514390,0.449110,True,5.207,True,0.562025,0.458127
3.421,True,4.898,True,0.514589,0.449348,True,5.201,True,0.562327,0.457858
3.432,True,4.895,True,0.514589,0.449348,True,5.206,True,0.562327,0.457858
3.443,True,4.904,True,0.514647,0.449682,True,5.243,True,0.562408,0.457952
3.454,True,4.920,True,0.514825,0.449876,True,5.251,True,0.562309,0.458314
3.466,True,4.934,True,0.514825,0.449876,True,5.255,True,0.562309,0.458314
3.476,True,4.937,True,0.514408,0.449784,True,5.265,True,0.562173,0.458298
3.487,True,4.937,True,0.514408,0.449784,True,5.265,True,0.562173,0.458298
3.498,True,4.942,True,0.514432,0.450129,True,5.278,True,0.562068,0.458509
3.510,True,4.944,True,0.514315,0.450276,True,5.266,True,0.561976,0.458953
3.521,True,4.947,True,0.514315,0.450276,True,5.256,True,0.561976,0.458953
3.532,True,4.943,True,0.514334,0.450244,True,5.268,True,0.561263,0.459115
3.543,True,4.941,True,0.514341,0.450253,True,5.269,True,0.561263,0.459115
3.554,True,4.928,True,0.514331,0.450162,True,5.272,True,0.561164,0.459084
3.565,True,4.919,True,0.514331,0.450162,True,5.278,True,0.561115,0.459140
3.576,True,4.928,True,0.514300,0.450523,True,5.282,True,0.561115,0.459140
3.587,True,4.936,True,0.514300,0.450523,True,5.294,True,0.560959,0.459372
3.598,True,4.950,True,0.514129,0.450256,True,5.324,True,0.560448,0.459384
3.609,True,4.956,True,0.514129,0.450256,True,5.338,True,0.560448,0.459384
3.621,True,4.947,True,0.514331,0.450228,True,5.372,True,0.560282,0.459223
3.631,True,4.955,True,0.514331,0.450228,True,5.369,True,0.560652,0.459762
3.643,True,4.961,True,0.514175,0.450536,True,5.365,True,0.560652,0.459762
3.654,True,4.962,True,0.514092,0.450377,True,5.366,True,0.560813,0.459185
3.665,True,4.958,True,0.514092,0.450377,True,5.361,True,0.560499,0.459432
3.677,True,4.969,True,0.514393,0.450362,True,5.358,True,0.560499,0.459432
3.688,True,4.969,True,0.514393,0.450362,True,5.358,True,0.560499,0.459432
3.699,True,4.974,True,0.514393,0.450362,True,5.355,True,0.560614,0.459588
3.710,True,4.996,True,0.514478,0.450329,True,5.381,True,0.560852,0.459504
3.721,True,5.008,True,0.514528,0.450316,True,5.397,True,0.561035,0.459339
3.732,True,5.014,True,0.514528,0.450316,True,5.399,True,0.561035,0.459339
3.743,True,5.018,True,0.514528,0.450316,True,5.404,True,0.560958,0.459141
3.754,True,4.959,True,0.514581,0.450717,True,5.405,True,0.560958,0.459141
3.765,True,4.857,True,0.514721,0.450395,True,5.407,True,0.561182,0.459239
3.776,True,4.824,True,0.514570,0.450505,True,5.410,True,0.561182,0.459239
3.788,True,4.802,True,0.514570,0.450505,True,5.407,True,0.561182,0.459239
3.799,True,4.788,True,0.514753,0.450368,True,5.407,True,0.561046,0.459195
3.810,True,4.787,True,0.514649,0.450424,True,5.410,True,0.561046,0.459195
3.821,True,4.788,True,0.514649,0.450424,True,5.415,True,0.561197,0.459049
3.833,True,4.777,True,0.514511,0.450150,True,5.406,True,0.561467,0.459008
3.843,True,4.775,True,0.514581,0.450479,True,5.395,True,0.561467,0.459008
3.854,True,4.775,True,0.514581,0.450479,True,5.386,True,0.561467,0.459008
3.865,True,4.773,True,0.514502,0.450553,True,5.395,True,0.561821,0.459194
3.877,True,4.772,True,0.514502,0.450553,True,5.403,True,0.561821,0.459194
3.887,True,4.766,True,0.514059,0.450426,True,5.411,True,0.561821,0.459194
3.899,True,4.752,True,0.514085,0.451030,True,5.391,True,0.561485,0.459492
3.910,True,4.745,True,0.514085,0.451030,True,5.396,True,0.561892,0.459439
3.921,True,4.734,True,0.514085,0.451030,True,5.399,True,0.561892,0.459439
3.932,True,4.728,True,0.513773,0.450816,True,5.377,True,0.561855,0.459516
3.943,True,4.743,True,0.513465,0.450756,True,5.371,True,0.561817,0.459515
3.954,True,4.757,True,0.513465,0.450756,True,5.365,True,0.561817,0.459515
3.965,True,4.770,True,0.513192,0.450853,True,5.379,True,0.561632,0.459872
3.976,True,4.769,True,0.513192,0.450853,True,5.363,True,0.561366,0.459967
3.987,True,4.761,True,0.513029,0.450654,True,5.348,True,0.561366,0.459967
3.998,True,4.752,True,0.513029,0.450654,True,5.340,True,0.561167,0.460300
4.009,True,4.745,True,0.512681,0.450733,True,5.362,True,0.561190,0.460262
4.021,True,4.747,True,0.512681,0.450733,True,5.372,True,0.561190,0.460262
4.032,True,4.748,True,0.512681,0.450733,True,5.388,True,0.561102,0.460382
4.043,True,4.736,True,0.512569,0.450525,True,5.370,True,0.561390,0.460647
4.054,True,4.728,True,0.512666,0.450773,True,5.335,True,0.561390,0.460647
4.065,True,4.729,True,0.512666,0.450773,True,5.338,True,0.561399,0.460675
4.076,True,4.742,True,0.512480,0.450693,True,5.286,True,0.561641,0.460334
4.088,True,4.754,True,0.512480,0.450693,True,5.301,True,0.561561,0.460603
4.099,True,4.748,True,0.512569,0.450842,True,5.314,True,0.561561,0.460603
4.109,True,4.743,True,0.512442,0.450681,True,5.323,True,0.561849,0.460561
4.121,True,4.744,True,0.512442,0.450681,True,5.329,True,0.561849,0.460561
4.132,True,4.747,True,0.512473,0.450566,True,5.327,True,0.561427,0.460661
4.143,True,4.751,True,0.512599,0.450364,True,5.342,True,0.561714,0.460430
4.154,True,4.751,True,0.512599,0.450364,True,5.349,True,0.561714,0.460430
4.166,True,4.750,True,0.512599,0.450364,True,5.329,True,0.561398,0.460198
4.176,True,4.741,True,0.505339,0.449939,True,5.331,True,0.558606,0.461878
4.187,True,4.741,True,0.505339,0.449939,True,5.346,True,0.558606,0.461878
4.199,True,4.743,True,0.505339,0.449939,True,5.378,True,0.550874,0.465957
4.210,True,4.751,True,0.497008,0.449163,True,5.405,True,0.550874,0.465957
4.221,True,4.761,True,0.490530,0.448587,True,5.371,True,0.537947,0.471259
4.232,True,4.764,True,0.490074,0.448728,True,5.350,True,0.537947,0.471259
4.243,True,4.766,True,0.490074,0.448728,True,5.332,True,0.537947,0.471259
4.254,True,4.764,True,0.490245,0.448967,True,5.292,True,0.537713,0.471472
4.265,True,4.762,True,0.490245,0.448967,True,5.285,True,0.537713,0.471472
4.276,True,4.769,True,0.490130,0.448486,True,5.256,True,0.538088,0.471250
4.288,True,4.777,True,0.490130,0.448486,True,5.242,True,0.538217,0.471322
4.298,True,4.774,True,0.489884,0.448959,True,5.233,True,0.538217,0.471322
4.310,True,4.772,True,0.489884,0.448959,True,5.226,True,0.538217,0.471322
4.321,True,4.782,True,0.489691,0.448845,True,5.267,True,0.538015,0.471457
4.332,True,4.791,True,0.489657,0.448920,True,5.268,True,0.538324,0.471454
4.343,True,4.799,True,0.489657,0.448920,True,5.255,True,0.538182,0.471409
4.354,True,4.798,True,0.489684,0.448622,True,5.230,True,0.538182,0.471409
4.365,True,4.789,True,0.489684,0.448622,True,5.226,True,0.538373,0.471365
4.376,True,4.790,True,0.489324,0.448964,True,5.209,True,0.538927,0.471029
4.388,True,4.793,True,0.489360,0.448939,True,5.197,True,0.538927,0.471029
4.398,True,4.796,True,0.489360,0.448939,True,5.205,True,0.538927,0.471029
4.410,True,4.774,True,0.487077,0.448260,True,5.152,True,0.538113,0.471406
4.421,True,4.567,True,0.478926,0.442991,False,0.000,False,0.000000,0.000000
4.432,False,0.000,False,0.000000,0.000000,False,0.000,False,0.000000,0.000000
4.444,False,0.000,False,0.000000,0.000000,False,0.000,False,0.000000,0.000000
4.454,False,0.000,False,0.000000,0.000000,False,0.000,False,0.000000,0.000000
4.466,False,0.000,False,0.000000,0.000000,False,0.000,False,0.000000,0.000000
4.476,False,0.000,False,0.000000,0.000000,False,0.000,False,0.000000,0.000000
4.488,False,0.000,False,0.000000,0.000000,False,0.000,False,0.000000,0.000000
4.499,False,0.000,False,0.000000,0.000000,False,0.000,False,0.000000,0.000000
4.510,False,0.000,False,0.000000,0.000000,False,0.000,False,0.000000,0.000000
4.521,False,0.000,False,0.000000,0.000000,True,5.255,True,0.477200,0.487246
4.532,False,0.000,False,0.000000,0.000000,True,5.255,True,0.477200,0.487246
4.543,False,0.000,False,0.000000,0.000000,True,5.255,True,0.477200,0.487246
4.554,True,4.810,True,0.418366,0.429011,True,5.255,True,0.476517,0.486136
4.566,True,4.810,True,0.418366,0.429011,True,5.255,True,0.479651,0.485782
4.576,True,4.810,True,0.422066,0.430508,True,5.255,True,0.479651,0.485782
4.587,True,4.810,True,0.423581,0.430679,True,5.255,True,0.479599,0.485734
4.599,True,4.810,True,0.423581,0.430679,True,5.255,True,0.480713,0.485434
4.610,True,4.810,True,0.425012,0.431278,True,5.255,True,0.480713,0.485434
4.621,True,4.810,True,0.425407,0.431663,True,5.255,True,0.481057,0.485610
4.632,True,4.810,True,0.425407,0.431663,True,5.255,True,0.481603,0.485288
4.643,True,4.810,True,0.426251,0.432095,True,5.255,True,0.481603,0.485288
4.654,True,4.810,True,0.426806,0.432348,True,5.255,True,0.482083,0.485281
4.665,True,4.810,True,0.426806,0.432348,True,5.255,True,0.482597,0.485381
4.676,True,4.810,True,0.427275,0.432561,True,5.255,True,0.482597,0.485381
4.687,True,4.810,True,0.427957,0.433041,True,5.255,True,0.483424,0.485085
4.699,True,4.810,True,0.427957,0.433041,True,5.255,True,0.483585,0.485192
4.710,True,4.810,True,0.427928,0.433198,True,5.255,True,0.483585,0.485192
4.721,True,4.810,True,0.428383,0.433180,True,5.255,True,0.483729,0.484929
4.732,True,4.810,True,0.428383,0.433180,True,5.255,True,0.484059,0.484845
4.743,True,4.810,True,0.427842,0.433457,True,5.255,True,0.484059,0.484845
4.754,True,4.810,True,0.428712,0.433746,True,5.255,True,0.484089,0.484704
4.765,True,4.810,True,0.428712,0.433746,True,5.255,True,0.483887,0.485270
4.776,True,4.810,True,0.428375,0.433792,True,5.255,True,0.483887,0.485270
4.788,True,4.810,True,0.427158,0.432820,True,5.255,True,0.483564,0.485239
4.798,True,4.810,True,0.427158,0.432820,True,5.255,True,0.479693,0.484420
4.809,True,4.810,True,0.421814,0.427750,True,5.255,True,0.472990,0.482569
4.821,True,4.810,True,0.417460,0.423071,True,5.255,True,0.472990,0.482569
4.832,True,4.810,True,0.417460,0.423071,True,5.255,True,0.469147,0.480991
4.843,True,4.810,True,0.416767,0.420800,True,5.255,True,0.468026,0.480425
4.854,True,4.810,True,0.416991,0.420620,True,5.255,True,0.468026,0.480425
4.865,True,4.810,True,0.416991,0.420620,True,5.255,True,0.467002,0.479398
4.876,True,4.810,True,0.416991,0.420620,True,5.255,True,0.467002,0.479398
4.887,True,4.810,True,0.416371,0.420623,True,5.255,True,0.466914,0.480923
4.899,True,4.810,True,0.416371,0.420623,True,5.255,True,0.467059,0.481190
4.910,True,4.810,True,0.416443,0.420133,True,5.255,True,0.465875,0.479824
4.921,True,4.810,True,0.417462,0.421108,True,5.255,True,0.465875,0.479824
4.932,True,4.810,True,0.417462,0.421108,True,5.255,True,0.472391,0.482757
4.943,True,4.810,True,0.424182,0.425927,True,5.255,True,0.479639,0.483074
4.954,True,4.810,True,0.433049,0.431348,True,5.255,True,0.479639,0.483074
4.965,True,4.810,True,0.433049,0.431348,True,5.255,True,0.486912,0.482908
4.976,True,4.810,True,0.437770,0.433747,True,5.255,True,0.487457,0.482858
4.987,True,4.810,True,0.438262,0.434316,True,5.255,True,0.487457,0.482858
4.999,True,4.810,True,0.438262,0.434316,True,5.255,True,0.487265,0.482829
5.010,True,4.810,True,0.438175,0.434294,True,5.255,True,0.487516,0.482610
5.021,True,4.707,True,0.438495,0.434327,True,5.154,True,0.487516,0.482610
5.032,True,4.830,True,0.438495,0.434327,True,5.137,True,0.487880,0.482934
5.043,True,5.027,True,0.438545,0.434550,True,5.116,True,0.488128,0.482781
5.054,True,5.096,True,0.438607,0.434841,True,5.114,True,0.488128,0.482781
5.065,True,5.159,True,0.438845,0.434565,True,5.106,True,0.488600,0.482941
5.076,True,5.159,True,0.438845,0.434565,True,5.106,True,0.488600,0.482941
5.087,True,5.165,True,0.439234,0.434677,True,5.104,True,0.488486,0.483007
5.099,True,5.161,True,0.439234,0.434677,True,5.105,True,0.488848,0.482656
5.110,True,5.174,True,0.439319,0.435176,True,5.114,True,0.488979,0.482810
5.121,True,5.160,True,0.439543,0.435502,True,5.120,True,0.488979,0.482810
5.132,True,5.148,True,0.439543,0.435502,True,5.122,True,0.489329,0.482781
5.143,True,5.140,True,0.439535,0.435245,True,5.123,True,0.489329,0.482781
5.154,True,5.126,True,0.439535,0.435245,True,5.136,True,0.489248,0.482458
5.165,True,5.143,True,0.439638,0.435174,True,5.122,True,0.489330,0.482716
5.176,True,5.139,True,0.439388,0.435648,True,5.121,True,0.489388,0.482820
5.187,True,5.152,True,0.439034,0.434912,True,5.120,True,0.489388,0.482820
5.199,True,5.162,True,0.439034,0.434912,True,5.115,True,0.487057,0.483299
5.210,True,5.155,True,0.431643,0.433293,True,5.090,True,0.481644,0.484894
5.221,True,5.152,True,0.431643,0.433293,True,5.072,True,0.481644,0.484894
5.231,True,5.163,True,0.424351,0.431517,True,5.059,True,0.477091,0.486297
5.243,True,5.151,True,0.419115,0.430253,True,5.027,True,0.474414,0.487493
5.254,True,5.148,True,0.419115,0.430253,True,5.010,True,0.474414,0.487493
5.265,True,5.096,True,0.416941,0.430264,True,4.992,True,0.473612,0.487732
5.276,True,4.992,True,0.416889,0.430157,True,4.953,True,0.473814,0.488121
5.288,True,4.954,True,0.416566,0.430536,True,4.934,True,0.473814,0.488121
5.299,True,4.928,True,0.416566,0.430536,True,4.933,True,0.473910,0.487778
5.309,True,4.896,True,0.416677,0.430448,True,4.935,True,0.473910,0.487778
5.321,True,4.895,True,0.416635,0.430299,True,4.934,True,0.473994,0.487807
5.332,True,4.894,True,0.416635,0.430299,True,4.925,True,0.474125,0.488176
5.343,True,4.882,True,0.416787,0.430310,True,4.915,True,0.474125,0.488176
5.354,True,4.864,True,0.416787,0.430310,True,4.931,True,0.474105,0.487912
5.365,True,4.879,True,0.416800,0.430200,True,4.935,True,0.473968,0.487801
5.376,True,4.895,True,0.416822,0.430325,True,4.943,True,0.473968,0.487801
5.388,True,4.906,True,0.416811,0.430328,True,4.943,True,0.473968,0.487594
5.398,True,4.913,True,0.416811,0.430328,True,4.941,True,0.473968,0.487594
5.409,True,4.914,True,0.416748,0.430283,True,4.923,True,0.473898,0.487801
5.421,True,4.909,True,0.416763,0.429844,True,4.920,True,0.473898,0.487801
5.432,True,4.906,True,0.416763,0.429844,True,4.909,True,0.473863,0.487981
5.443,True,4.888,True,0.416672,0.430127,True,4.914,True,0.473863,0.487981
5.454,True,4.883,True,0.416607,0.430058,True,4.926,True,0.473711,0.487723
5.465,True,4.880,True,0.416607,0.430058,True,4.935,True,0.473711,0.487723
5.476,True,4.867,True,0.416449,0.429905,True,4.924,True,0.473759,0.487880
5.487,True,4.861,True,0.416577,0.429950,True,4.931,True,0.473946,0.488103
5.498,True,4.866,True,0.416577,0.429950,True,4.921,True,0.473835,0.487950
5.510,True,4.863,True,0.416426,0.429833,True,4.907,True,0.473835,0.487950
5.521,True,4.858,True,0.416426,0.429833,True,4.898,True,0.473682,0.487828
5.532,True,4.861,True,0.416256,0.430163,True,4.890,True,0.473682,0.487828
5.543,True,4.862,True,0.416256,0.430163,True,4.891,True,0.473543,0.488001
5.554,True,4.844,True,0.416414,0.429866,True,4.891,True,0.473625,0.488214
5.565,True,4.848,True,0.416373,0.429508,True,4.889,True,0.473625,0.488214
5.577,True,4.851,True,0.416373,0.429508,True,4.882,True,0.473592,0.487984
5.587,True,4.857,True,0.416340,0.429587,True,4.872,True,0.473436,0.487885
5.598,True,4.876,True,0.416121,0.429913,True,4.871,True,0.473436,0.487885
5.610,True,4.890,True,0.416121,0.429913,True,4.890,True,0.473209,0.488009
5.621,True,4.880,True,0.416013,0.429722,True,4.916,True,0.473184,0.488069
5.632,True,4.882,True,0.415846,0.429841,True,4.923,True,0.473184,0.488069
5.643,True,4.858,True,0.415836,0.429624,True,4.942,True,0.473201,0.487867
5.654,True,4.839,True,0.415836,0.429624,True,4.959,True,0.473236,0.487851
5.665,True,4.843,True,0.415970,0.429730,True,4.973,True,0.473236,0.487851
5.676,True,4.846,True,0.415955,0.429785,True,4.967,True,0.473225,0.488032
5.688,True,4.848,True,0.415955,0.429785,True,4.956,True,0.473393,0.488138
5.699,True,4.870,True,0.415895,0.429669,True,4.953,True,0.473196,0.488164
5.710,True,4.898,True,0.416200,0.429945,True,4.958,True,0.473196,0.488164
5.721,True,4.918,True,0.416200,0.429945,True,4.956,True,0.473225,0.487858
5.732,True,4.905,True,0.416098,0.429742,True,4.978,True,0.473339,0.487766
5.743,True,4.909,True,0.415833,0.429748,True,4.995,True,0.473339,0.487766
5.754,True,4.910,True,0.415833,0.429748,True,4.990,True,0.473110,0.488379
5.766,True,4.899,True,0.413813,0.430393,True,4.981,True,0.473110,0.488379
5.776,True,4.891,True,0.412551,0.431886,True,4.792,True,0.472655,0.490148
5.788,True,4.883,True,0.412551,0.431886,True,4.628,True,0.472860,0.490925
5.798,True,4.863,True,0.412772,0.431856,True,4.411,True,0.472954,0.491558
5.810,True,4.855,True,0.412772,0.431856,True,4.352,True,0.472954,0.491558
5.821,True,4.876,True,0.413017,0.432571,True,4.324,True,0.472954,0.491558
5.832,True,4.898,True,0.412894,0.431886,True,4.340,True,0.472857,0.491180
5.845,True,4.901,True,0.412894,0.431886,True,4.344,True,0.472857,0.491180
5.854,True,4.908,True,0.412941,0.432055,True,4.347,True,0.472857,0.491180
5.865,True,4.920,True,0.413045,0.432636,True,4.357,True,0.472897,0.491157
5.876,True,4.927,True,0.413045,0.432636,True,4.329,True,0.473658,0.491529
5.888,True,4.938,True,0.412993,0.432414,True,4.321,True,0.473351,0.491409
5.899,True,4.944,True,0.413013,0.432173,True,4.310,True,0.473351,0.491409
5.910,True,4.940,True,0.413013,0.432173,True,4.321,True,0.473315,0.491101
5.921,True,4.953,True,0.413209,0.432393,True,4.333,True,0.473315,0.491101
5.932,True,4.972,True,0.413227,0.432354,True,4.343,True,0.473193,0.491227
5.950,True,4.970,True,0.413240,0.432349,True,4.366,True,0.473324,0.491466
5.961,True,4.961,True,0.413240,0.432349,True,4.352,True,0.473928,0.491271
5.972,True,4.964,True,0.413479,0.432534,True,4.332,True,0.473838,0.491380
5.983,True,4.978,True,0.413481,0.432845,True,4.326,True,0.473838,0.491380
5.994,True,4.991,True,0.413481,0.432845,True,4.319,True,0.473991,0.491203
6.005,True,4.985,True,0.413438,0.432716,True,4.313,True,0.473902,0.491320
6.017,True,4.968,True,0.413361,0.432328,True,4.310,True,0.473902,0.491320
6.027,True,4.945,True,0.413115,0.432630,True,4.319,True,0.473555,0.491157
6.039,True,4.939,True,0.413115,0.432630,True,4.325,True,0.473631,0.491237
6.050,True,4.948,True,0.413169,0.432509,True,4.330,True,0.473631,0.491237
6.061,True,4.964,True,0.413169,0.432509,True,4.344,True,0.473803,0.491225
6.072,True,4.973,True,0.413121,0.432511,True,4.344,True,0.473898,0.491200
6.083,True,4.968,True,0.413254,0.432614,True,4.343,True,0.473898,0.491200
6.094,True,4.963,True,0.413254,0.432614,True,4.328,True,0.474016,0.491535
6.105,True,4.975,True,0.413166,0.432599,True,4.331,True,0.473477,0.491280
6.117,True,4.985,True,0.413299,0.432714,True,4.345,True,0.473477,0.491280
6.128,True,4.994,True,0.413299,0.432714,True,4.355,True,0.473489,0.491091
6.139,True,5.009,True,0.413424,0.432640,True,4.381,True,0.473663,0.490977
6.150,True,5.017,True,0.413485,0.432569,True,4.393,True,0.473663,0.490977
6.161,True,5.022,True,0.413485,0.432569,True,4.382,True,0.474154,0.491890
6.172,True,5.026,True,0.413462,0.432562,True,4.360,True,0.474053,0.491544
6.183,True,5.018,True,0.413688,0.432404,True,4.350,True,0.474053,0.491544
6.194,True,5.011,True,0.413688,0.432404,True,4.362,True,0.473522,0.491429
6.205,True,4.996,True,0.413382,0.432811,True,4.371,True,0.474224,0.491471
6.217,True,5.000,True,0.413521,0.432779,True,4.367,True,0.474224,0.491471
6.227,True,5.004,True,0.413521,0.432779,True,4.382,True,0.473760,0.491190
6.239,True,5.013,True,0.413596,0.432907,True,4.392,True,0.473760,0.491190
6.250,True,5.026,True,0.413757,0.433101,True,4.355,True,0.474285,0.491655
6.261,True,5.029,True,0.413757,0.433101,True,4.374,True,0.474179,0.491428
6.272,True,5.078,True,0.413544,0.433535,True,4.386,True,0.474297,0.491375
6.283,True,5.088,True,0.413579,0.433204,True,4.384,True,0.474297,0.491375
6.294,True,5.095,True,0.413579,0.433204,True,4.393,True,0.473883,0.491274
6.305,True,5.112,True,0.413617,0.433463,True,4.400,True,0.474248,0.491512
6.319,True,5.119,True,0.413853,0.433228,True,4.402,True,0.474248,0.491512
6.328,True,5.124,True,0.413853,0.433228,True,4.399,True,0.474471,0.491422
6.339,True,5.123,True,0.413743,0.433364,True,4.411,True,0.474719,0.491436
6.350,True,5.125,True,0.414041,0.433219,True,4.425,True,0.474719,0.491436
6.361,True,5.127,True,0.414041,0.433219,True,4.429,True,0.474474,0.491228
6.372,True,5.114,True,0.414070,0.433590,True,4.433,True,0.480274,0.491382
6.383,True,5.126,True,0.421232,0.440030,True,4.431,True,0.480274,0.491382
6.394,True,5.135,True,0.421232,0.440030,True,4.470,True,0.496332,0.492192
6.406,True,5.076,True,0.432920,0.448147,True,4.503,True,0.496332,0.492192
6.417,True,4.925,True,0.446060,0.453617,True,4.472,True,0.512297,0.493181
6.428,True,4.843,True,0.446060,0.453617,True,4.442,True,0.525756,0.491251
6.439,True,4.684,True,0.454125,0.458185,True,4.418,True,0.534781,0.488534
6.450,True,4.684,True,0.454125,0.458185,True,4.418,True,0.534781,0.488534
6.461,True,4.647,True,0.461908,0.460710,True,4.459,True,0.537651,0.486802
6.472,True,4.708,True,0.464855,0.460657,True,4.525,True,0.535313,0.486474
6.483,True,4.720,True,0.465986,0.454139,True,4.553,True,0.535313,0.486474
6.494,True,4.726,True,0.465986,0.454139,True,4.557,True,0.535313,0.486474
6.505,True,4.739,True,0.465063,0.455876,True,4.548,True,0.526912,0.485984
6.517,True,4.740,True,0.464767,0.456244,True,4.540,True,0.526912,0.485984
6.527,True,4.742,True,0.464767,0.456244,True,4.514,True,0.526028,0.485709
6.539,True,4.763,True,0.464930,0.455576,True,4.491,True,0.525412,0.485759
6.550,True,4.763,True,0.464775,0.455469,True,4.490,True,0.525412,0.485759
6.561,True,4.763,True,0.464775,0.455469,True,4.498,True,0.525025,0.485820
6.572,True,4.775,True,0.464827,0.455537,True,4.514,True,0.524695,0.486040
6.583,True,4.776,True,0.464937,0.455220,True,4.520,True,0.524695,0.486040
6.594,True,4.777,True,0.464937,0.455220,True,4.539,True,0.524271,0.486259
6.606,True,4.772,True,0.464709,0.455404,True,4.561,True,0.523915,0.486265
6.616,True,4.771,True,0.464677,0.455439,True,4.565,True,0.523915,0.486265
6.627,True,4.771,True,0.464677,0.455439,True,4.567,True,0.523760,0.486303
6.639,True,4.773,True,0.464741,0.455254,True,4.565,True,0.523760,0.486303
6.650,True,4.777,True,0.464803,0.455205,True,4.566,True,0.523681,0.486574
6.661,True,4.780,True,0.464803,0.455205,True,4.567,True,0.523681,0.486574
6.672,True,4.780,True,0.464878,0.455149,True,4.564,True,0.523369,0.486352
6.683,True,4.777,True,0.464878,0.455149,True,4.561,True,0.523209,0.486583
6.694,True,4.779,True,0.465093,0.455343,True,4.559,True,0.523209,0.486583
6.705,True,4.788,True,0.465148,0.455140,True,4.578,True,0.523002,0.486315
6.716,True,4.787,True,0.465442,0.454963,True,4.586,True,0.523001,0.486148
6.728,True,4.786,True,0.465442,0.454963,True,4.592,True,0.523001,0.486148
6.739,True,4.791,True,0.465375,0.455114,True,4.586,True,0.522657,0.485952
6.750,True,4.796,True,0.465375,0.455114,True,4.595,True,0.522792,0.486103
6.761,True,4.788,True,0.465691,0.455127,True,4.604,True,0.522792,0.486103
6.772,True,4.783,True,0.465691,0.455127,True,4.607,True,0.522630,0.486284
6.783,True,4.790,True,0.465842,0.455232,True,4.665,True,0.522893,0.486004
6.797,True,4.803,True,0.465909,0.455439,True,4.740,True,0.523028,0.485928
6.808,True,4.790,True,0.466153,0.455313,True,4.763,True,0.523028,0.485928
6.817,True,4.778,True,0.466153,0.455313,True,4.775,True,0.522980,0.485901
6.827,True,4.771,True,0.466163,0.455377,True,4.779,True,0.522980,0.485901
6.839,True,4.765,True,0.466283,0.455240,True,4.765,True,0.523162,0.485909
6.850,True,4.767,True,0.466283,0.455240,True,4.769,True,0.522822,0.485994
6.861,True,4.766,True,0.466328,0.455558,True,4.774,True,0.522822,0.485994
6.872,True,4.749,True,0.466537,0.455537,True,4.772,True,0.523089,0.485893
6.883,True,4.737,True,0.466537,0.455537,True,4.755,True,0.523144,0.485908
6.894,True,4.727,True,0.466696,0.455234,True,4.739,True,0.523144,0.485908
6.905,True,4.714,True,0.466696,0.455234,True,4.734,True,0.523109,0.485796
6.917,True,4.710,True,0.466656,0.455434,True,4.726,True,0.523081,0.486093
6.928,True,4.705,True,0.466811,0.455668,True,4.709,True,0.523321,0.485680
6.939,True,4.701,True,0.466876,0.455421,True,4.699,True,0.523321,0.485680
6.951,True,4.699,True,0.466876,0.455421,True,4.690,True,0.523119,0.485901
6.961,True,4.709,True,0.466637,0.455853,True,4.675,True,0.523071,0.486083
6.972,True,4.690,True,0.466826,0.455561,True,4.669,True,0.523071,0.486083
6.983,True,4.674,True,0.466826,0.455561,True,4.655,True,0.523082,0.486089
6.994,True,4.675,True,0.466997,0.455594,True,4.644,True,0.523082,0.486089
7.005,True,4.675,True,0.466974,0.455796,True,4.638,True,0.523172,0.486068
7.017,True,4.675,True,0.466974,0.455796,True,4.632,True,0.522848,0.486184
7.028,True,4.677,True,0.466844,0.455712,True,4.623,True,0.522960,0.486463
7.039,True,4.675,True,0.466844,0.455712,True,4.618,True,0.522960,0.486463
7.050,True,4.642,True,0.466719,0.455697,True,4.617,True,0.522907,0.486368
7.061,True,4.601,True,0.466909,0.455667,True,4.620,True,0.522875,0.486354
7.072,True,4.587,True,0.466839,0.455541,True,4.622,True,0.522875,0.486354
7.083,True,4.578,True,0.466839,0.455541,True,4.624,True,0.522585,0.486535
7.094,True,4.575,True,0.466766,0.455822,True,4.614,True,0.522627,0.486626
7.105,True,4.571,True,0.466804,0.455646,True,4.604,True,0.522627,0.486626
7.117,True,4.568,True,0.466804,0.455646,True,4.605,True,0.522635,0.486356
7.128,True,4.570,True,0.466779,0.455585,True,4.616,True,0.522668,0.486466
7.139,True,4.562,True,0.466905,0.455874,True,4.626,True,0.522668,0.486466
7.150,True,4.556,True,0.466905,0.455874,True,4.630,True,0.522617,0.486532
7.161,True,4.565,True,0.466924,0.455500,True,4.631,True,0.522617,0.486532
7.172,True,4.576,True,0.466863,0.455495,True,4.631,True,0.522672,0.486218
7.183,True,4.579,True,0.466863,0.455495,True,4.624,True,0.522672,0.486218
7.197,True,4.574,True,0.466869,0.455535,True,4.620,True,0.522830,0.486626
7.206,True,4.574,True,0.466804,0.455765,True,4.623,True,0.522830,0.486626
7.217,True,4.575,True,0.466804,0.455765,True,4.628,True,0.522775,0.486504
7.227,True,4.572,True,0.466541,0.455579,True,4.633,True,0.522775,0.486504
7.239,True,4.570,True,0.466789,0.455843,True,4.628,True,0.522890,0.486396
7.250,True,4.569,True,0.466789,0.455843,True,4.633,True,0.522976,0.486388
7.261,True,4.570,True,0.466831,0.455934,True,4.637,True,0.522976,0.486388
7.272,True,4.578,True,0.466956,0.455979,True,4.631,True,0.522912,0.486429
7.283,True,4.584,True,0.466956,0.455979,True,4.627,True,0.522943,0.486329
7.294,True,4.589,True,0.466941,0.455906,True,4.624,True,0.522943,0.486329
7.305,True,4.598,True,0.466950,0.455924,True,4.626,True,0.522819,0.486531
7.317,True,4.602,True,0.466950,0.455924,True,4.643,True,0.522774,0.486563
7.327,True,4.596,True,0.466740,0.455860,True,4.657,True,0.522774,0.486563
7.339,True,4.586,True,0.467046,0.455574,True,4.688,True,0.522768,0.486419
7.350,True,4.582,True,0.467046,0.455574,True,4.682,True,0.522706,0.486310
7.361,True,4.580,True,0.466793,0.455717,True,4.662,True,0.522991,0.486358
7.373,True,4.590,True,0.467014,0.455851,True,4.651,True,0.522991,0.486358
7.383,True,4.598,True,0.467014,0.455851,True,4.650,True,0.522873,0.486402
7.394,True,4.617,True,0.466743,0.456049,True,4.655,True,0.522844,0.486515
7.405,True,4.616,True,0.466852,0.455991,True,4.657,True,0.522844,0.486515
7.417,True,4.614,True,0.466852,0.455991,True,4.659,True,0.522844,0.486515
7.428,True,4.610,True,0.466657,0.455904,True,4.664,True,0.523297,0.486167
7.439,True,4.602,True,0.466973,0.455791,True,4.669,True,0.523297,0.486167
7.450,True,4.596,True,0.466973,0.455791,True,4.661,True,0.523196,0.485957
7.461,True,4.586,True,0.466833,0.455861,True,4.650,True,0.523196,0.485957
7.472,True,4.584,True,0.466766,0.455975,True,4.658,True,0.523429,0.486286
7.483,True,4.583,True,0.466766,0.455975,True,4.657,True,0.523285,0.486167
7.494,True,4.598,True,0.467018,0.455751,True,4.659,True,0.523229,0.486134
7.505,True,4.610,True,0.466998,0.455849,True,4.660,True,0.523229,0.486134
7.517,True,4.620,True,0.466998,0.455849,True,4.660,True,0.523229,0.486134
7.528,True,4.627,True,0.466998,0.455849,True,4.657,True,0.523134,0.486346
7.539,True,4.629,True,0.466931,0.456028,True,4.659,True,0.523090,0.486027
7.550,True,4.626,True,0.466931,0.456028,True,4.656,True,0.523319,0.485874
7.561,True,4.622,True,0.466931,0.456028,True,4.654,True,0.523319,0.485874
7.573,True,4.617,True,0.466851,0.455923,True,4.661,True,0.523009,0.485949
7.583,True,4.614,True,0.466873,0.455582,True,4.659,True,0.523112,0.485846
7.594,True,4.613,True,0.466873,0.455582,True,4.657,True,0.523112,0.485846
7.605,True,4.619,True,0.467092,0.455682,True,4.664,True,0.523083,0.485857
7.617,True,4.621,True,0.467092,0.455682,True,4.666,True,0.523083,0.485857
7.627,True,4.622,True,0.467034,0.455897,True,4.669,True,0.523064,0.486213
7.639,True,4.620,True,0.466880,0.455879,True,4.671,True,0.523177,0.485819
7.650,True,4.618,True,0.466880,0.455879,True,4.670,True,0.523177,0.485819
7.661,True,4.612,True,0.467148,0.455634,True,4.674,True,0.523371,0.485914
7.672,True,4.606,True,0.467076,0.455876,True,4.686,True,0.523347,0.486077
7.683,True,4.605,True,0.467076,0.455876,True,4.693,True,0.523320,0.485820
7.694,True,4.607,True,0.467011,0.455680,True,4.698,True,0.523320,0.485820
7.705,True,4.605,True,0.467099,0.455724,True,4.697,True,0.523371,0.485980
7.717,True,4.600,True,0.467099,0.455724,True,4.692,True,0.523371,0.485980
7.728,True,4.596,True,0.467099,0.455724,True,4.706,True,0.523559,0.485721
7.739,True,4.608,True,0.467110,0.455828,True,4.718,True,0.523470,0.485836
7.750,True,4.605,True,0.467266,0.455756,True,4.717,True,0.523470,0.485836
7.761,True,4.601,True,0.466910,0.455783,True,4.724,True,0.523448,0.485857
7.772,True,4.599,True,0.466910,0.455783,True,4.726,True,0.523240,0.485897
7.784,True,4.595,True,0.467077,0.455817,True,4.729,True,0.523240,0.485897
7.794,True,4.601,True,0.466989,0.455792,True,4.717,True,0.523465,0.485709
7.805,True,4.608,True,0.466989,0.455792,True,4.717,True,0.523578,0.485813
7.817,True,4.615,True,0.467211,0.455795,True,4.717,True,0.523578,0.485813
7.828,True,4.616,True,0.467065,0.455541,True,4.722,True,0.523552,0.486034
7.839,True,4.612,True,0.467065,0.455541,True,4.714,True,0.523357,0.485850
7.850,True,4.606,True,0.466912,0.455821,True,4.706,True,0.523357,0.485850
7.861,True,4.601,True,0.466912,0.455821,True,4.700,True,0.523163,0.486103
7.872,True,4.602,True,0.466583,0.455522,True,4.695,True,0.523163,0.486103
7.884,True,4.606,True,0.466549,0.455498,True,4.708,True,0.523171,0.486128
7.894,True,4.602,True,0.466597,0.455361,True,4.701,True,0.523037,0.486235
7.905,True,4.597,True,0.466597,0.455361,True,4.697,True,0.522896,0.486274
